qstr_Next_Page|下 一 页
qstr_Game_Rules:^|游 戏 规 则 ： ^
qstr_0|0 
qstr_Show_game_rules|显 示 游 戏 规 则 
qstr_Continue...|继 续 …… 
qstr_Candidate_#1:_{s1}|一 号 侯 选 者 ： {s1}
qstr_Candidate_#2:_{s1}|二 号 侯 选 者 ： {s1}
qstr_{s3}_of_{s4}_wishes_|{s4}的 {s3}希 望 能 够 选 出 一 个 新 的 元 帅， 并 邀 请 了 他 的 封 臣 们 给 他 一 些 建 议。 {s1}和 {s2}应 该 是 候 选 人。 
qstr_Who_do_you_wish_to_s|你 想 要 支 持 谁？ 
qstr_{s1}_gives_his_suppo|{s1}支 持 {s2}。 
qstr_Number_of_Supporters|支 持 者 的 数 目 ： {reg0}
qstr_{s2}_has_heard_his_v|{s2}听 从 了 他 的 家 臣 们 的 建 议。 他 选 择 了 {s1}来 做 {s3}的 元 帅。 
qstr_Action|行 动 
qstr_Mount|上 马 
qstr_Attack_Type|武 器 选 择 
qstr_Stand_Ground|站 岗 
qstr_Charge|冲 锋 
qstr_Follow_Me|随 我 来 
qstr_Hold_This_Position|坚 守 此 地 
qstr_Spread_Out|散 开 
qstr_Stand_Closer|聚 拢 
qstr_Fall_Back|退 后 
qstr_Advance|前 进 
qstr_Dismount|下 马 
qstr_Fire_At_Will|任 意 射 击 
qstr_Hold_Your_Fire|停 止 射 击 
qstr_Use_Blunt_Weapons|使 用 钝 击 武 器 
qstr_Use_Any_Weapon|使 用 任 意 武 器 
qstr_Ready|准 备 
qstr_Wounded|受 伤 
qstr_Dead|死 亡 
qstr_Number_of_men_knocke|死 伤 人 数 ： {reg1}
qstr_Number_of_men_left:_|剩 余 人 数 ： {reg1}
qstr_Opponents_Beaten:_{r|击 倒 对 手 数 量 ： {reg1}
qstr_Opponents_Remaining:|剩 余 对 手 数 量 ： {reg1}
qstr_Remain_in_retirement|决 定 退 休 。 
qstr_Go_back_to_the_adven|继 续 冒 险 。 
qstr_You_have_retired_at_|你 在 经 过 {reg5}天 的 冒 险 到 达 {reg4}级 的 时 候 决 定 退 休 了 。 
qstr_Effect_on_Score|得 分 影 响 
qstr_Settlements_owned_by|你 的 领 地 数 ： {reg0}
qstr_Friendly_Settlements|友 军 领 地 数 ： {reg0}
qstr_Hostile_Settlements:|敌 军 领 地 数 ： {reg0}
qstr_Friendly_Lords:_{reg|友 军 领 主 ： {reg0}
qstr_Enemy_Lords:_{reg0}|敌 军 领 主 ： {reg0}
qstr_Victories:_{reg0}|胜 利 ： {reg0}
qstr_Defeats:_{reg0}|失 败 ： {reg0}
qstr_Quests_Completed:_{r|任 务 完 成 ： {reg0}
qstr_Companions_Found:_{r|同 伴 加 入 人 数 ： {reg0}
qstr_Companions_Lost/Depa|同 伴 失 散 人 数 ： {reg0}
qstr_Wealth:_{reg0}_mon|财 富 : {reg0} 文 
qstr_Inventory:_{reg0}_mo|总 结 : {reg0} 文 
qstr_Renown:_{reg0}|声 望 ： {reg0}
qstr_Experience:_{reg0}|经 验 ： {reg0}
qstr_Days_Passed:_{reg0}|天 数 ： {reg0}
qstr_Difficulty:_{reg0}%|难 度 ： {reg0}% 
qstr_TOTAL_SCORE:_{reg0}|总 分 数 ： {reg0}
qstr_{s0}__{s50}_|{s0} ({s50}) 
qstr_None|无 
qstr_{s55}__{reg0}%_|{s55} ({reg0}%) 
qstr_{s55}|{s55} 
qstr_Staff:|员 工 : 
qstr_You_paid_{reg0}_cash|你 付 了 {reg0} 现 金 来 清 算 债 务 。 
qstr_Earlier_cash:|早 先 的 现 金 : 
qstr_New_cash:|现 在 的 现 金 : 
qstr_Factions|派 系 
qstr_Show_towns|显 示 城 镇 
qstr_Show_castles|显 示 城 堡 
qstr_Show_villages|显 示 村 庄 
qstr_Tip:_move_the_mouse_|提 示 ： 将 鼠 标 移 动 到 黑 色 块 上 以 显 示 其 名 称 。
qstr_The_World_Map|世 界 地 图 
qstr_Done|完 成 
qstr_Name:_{s1}^Level:_{r|名 字 : {s1}^ 等 级 : {reg1} 
qstr_{s1}^HP:_{reg1}/{reg|{s1}^HP: {reg1}/{reg2} 
qstr_{s1}|{s1} 
qstr_Weapon_upgrade_setti|武 器 升 级 设 定 : 
qstr_Apply_to_everyone|适 用 于 每 个 人 
qstr_Upgrade_armor_|升 级 护 甲 
qstr_Upgrade_horse_|升 级 马 匹 
qstr_Select_your_domestic|选 择 你 领 国 政 策 
qstr_Centralization:|集 权 主 义 : 
qstr_Aristocracy:|武 家 统 治 : 
qstr_Serfdom:|征 召 制 度 : 
qstr_Troop_quality:|兵 农 分 离 : 
qstr_Mercantilism:|重 商 主 义 : 
qstr_High_centralization_|高 度 的 集 权 会 减 少 领 地 内 的 税 收 ，但 提 高 了 家 臣 们 的 税 收 效 率 。 这 会 影 响 统 治 者 和 封 臣 之 间 的 关 系 。
qstr_High_aristocracy_wil|武 家 统 治 会 提 高 武 士 阶 级 的 权 力 ，改 善 大 名 和 他 的 家 臣 之 间 的 关 系 ， 他 们 将 能 够 组 建 更 强 大 的 军 队 ，但 会 减 少 领 国 贸 易 。 
qstr_High_serfdom_reduces|过 度 的 征 召 制 度 会 减 少 大 名 的 税 收 ， 他 的 家 臣 团 们 可 以 维 持 更 大 的 军 队 ， 但 是 军 队 会 降 低 士 气 。 
qstr_High_troop_quality_i|兵 农 分 离 增 加 部 队 的 战 斗 力 ， 但 军 队 规 模 会 减 少。 
qstr_Mercantilistic_polic|重 商 主 义 政 策 最 大 限 度 地 提 高 出 口 量 ，同 时 最 大 限 度 地 减 少 进 口 ，并 增 加 政 府 对 工 业 的 监 管 。 
qstr_Cancel|取 消 
qstr_Dictate_the_peace_te|决 定 和 平 条 件 
qstr_Select_the_castle_an|选 择 城 堡 和 金 额 ，并 勾 选 这 些 框 来 激 活 需 求 。 如 果两 个 框 都 被 勾 选 ，这 些 要 求 会 被 合 并 。 
qstr_1000_mon|1000 文
qstr__Faction_Relations_R| 派 别 关 系 报 告 
qstr__Prev_| 上 一 页 
qstr__Next_| 下 一 页 
qstr__Return_to_menu_| 返 回 到 菜 单 
qstr_Your_kingdom|你 的 王 国 
qstr_Player^Relation|玩 家 ^ 关 系 
qstr_War|战 争  
qstr_Casus_Belli|开 战 的 原 因 
qstr_Peace|和 平 
qstr_Truce|停 战 
qstr_Alliance|联 盟 
qstr_Defense|防 御 
qstr_Trade|贸 易 
qstr_{reg59?{reg59}_days:|{reg59?{reg59} 天:} 
qstr_{reg61}|{reg61} 
qstr_{s9}|{s9} 
qstr_Loyal|忠 诚 的 
qstr_Devoted|忠 实 的 
qstr_Fond|喜 欢 的 
qstr_Gracious|亲 切 的 
qstr_Friendly|友 好 的 
qstr_Supportive|支 援 的 
qstr_Favorable|赞 同 的 
qstr_Cooperative|合 作 的 
qstr_Accepting|信 任 的 
qstr_Indifferent|冷 淡 的 
qstr_Suspicious|猜 疑 的 
qstr_Grumbling|抱 怨 的 
qstr_Hostile|敌 对 的 
qstr_Resentful|怨 恨 的 
qstr_Angry|发 怒 的 
qstr_Hateful|憎 恨 的 
qstr_Revengeful|报 复 的 
qstr_Vengeful|复 仇 的 
qstr_{reg1}|{reg1} 
qstr_{s3}|{s3} 
qstr_{reg61}_{reg58?_{reg|{reg61}{reg58?({reg58}U):}中 心 
qstr_{reg62}_Caravans|{reg62}商 队 
qstr_{reg60}_{reg59?_{reg|{reg60}{reg59?({reg59}P):}领 主 
qstr_How_will_your_male_v|如 何 知 道 您 的 男 性 家 臣 ？ 
qstr_How_will_your_female|如 何 知 道 您 的 女 性 家 臣 ？ 
qstr_Use_the_Titles_Enter|使 用 上 面 输 入 的 标 题 。 
qstr_Use_Default_Titles__|使 用 默 认 标 题 （ 大 人 /女 士 ） 。 
qstr_Sell_items_automatic|离 开 时 自 动 出 售 物 品 ： 
qstr_Price_limit_for_auto|自 动 销 售 的 价 格 限 制 ： 
qstr_Item_types_for_auto_|自 动 销 售 的 商 品 类 型 ： 
qstr_Select_all|全 选 
qstr_Select_invert|选 择 倒 置 
qstr_Buy_food_automatical|离 开 时 自 动 买 食 物 
qstr_*|*
qstr__Courtships_in_progr|求 爱 进 程 
qstr__Known_Lords_by_Rela|已 知 领 主 关 系 
qstr__Character_&_Compani|角 色 和 同 伴 
qstr__Done_|完 成 
qstr_Your_supporters|你 的 支 持 者 
qstr_Uesugi|上 杉 
str_Date|伊 达 
qstr_Oda|织 田 
qstr_Mori|毛 利 
qstr_Takeda|武 田 
qstr_Tokugawa|德 川 
qstr_Miyoshi|三 好 
qstr_Amako|尼 子 
qstr_Otomo|大 友 
qstr_Nanbu|南 部 
qstr_Asakura|朝 仓 
qstr_Chosokabe|长 宗 我 部 
qstr_Hojo|北 条 
qstr_Mogami|最 上 
qstr_Shimazu|岛 津 
qstr_Ryuzoji|龙 治 寺 
qstr_Satake|佐 竹 
qstr_Satomi|里 见  
qstr_Ukita|宇 喜 多 
qstr_Ikko_Ikki|一 向 宗 
qstr_All_Factions|所 有 派 别 
qstr_F5___Weapon_orders|F5 - 武 器 命 令 
qstr_F6___Shield_orders|F6 - 盾 牌 命 令 
qstr_F7___Skirmish_orders|F7 - Skirmish orders
qstr_F5___One_Handers|F5 - 单 手 武 器
qstr_F6___Two_Handers|F6 - 双 手 武 器
qstr_F7___Polearms|F7 - 长 杆 武 器 
qstr_F8___Ranged|F8 - 远 程 武 器 
qstr_F9___Escape_Menu|F9 - 取 消 菜 单 
qstr_F5___Use_Shields|F5 - 使 用 盾 牌 
qstr_F6___No_Shields|F6 - 不 带 盾 牌 
qstr_F7___Free|F7 - Free{***}
qstr_F5___Skirmish|F5 - Skirmish{***}
qstr_F6___Melee|F6 - Melee{***}
qstr_Initial|Initial{***}
qstr_Movement_1|Movement 1{***}
qstr_Movement_2|Movement 2{***}
qstr_Attack|Attack{***}
qstr_Weapon_Type|Weapon Type{***}
qstr_Shield|Shield{***}
qstr_Skirmish|Skirmish{***}
qstr_Hold_Position|Hold Position{***}
qstr_Back_10|Back 10{***}
qstr_Forward_10|Forward 10{***}
qstr_Repeat_x|Repeat x{***}
qstr_Ranged|Ranged{***}
qstr_Polearms|Polearms{***}
qstr_Two_Handed|Two Handed{***}
qstr_One_Handed|One Handed{***}
qstr_No_Shields|No Shields{***}
qstr_Use_Shields|Use Shields{***}
qstr_Avoid_Melee|Avoid Melee{***}
qstr_Turn_to_weapon_order|Turn to weapon orders...{***}
qstr_Reassess|Reassess{***}
qstr_Scrap_All|Scrap All{***}
qstr_Prepare_Orders|Prepare Orders{***}
qstr_Dispatch_Orders|Dispatch Orders{***}
qstr_...Turn_to_positioni|...Turn to positioning orders{***}
qstr_CURRENT_COMMANDER_S_|CURRENT COMMANDER'S REPORT!{***}
qstr_Your_Commander:_{s19|你 的 指 挥 官 :{s19}
qstr_Commander_Relation:_|指 挥 官 关 系 :{reg0}
qstr_Enlisted_Faction:_{s|士 兵 阵 营 :{s20}
qstr_Current_Rank:_{s21}|当 前 级 别 :{s21}
qstr_N/A|无 效 
qstr_Experience_to_next_p|下 次 升 级 所 需 经 验 ： {s1}
qstr_Days_in_service:_{re}|服 役 天 数 ： {reg20} 
qstr_Current_Wage:_{reg23}|当 前 工 资 ： {reg23}文 钱 。 
qstr_Next_Pay/Promotion_d|下 一 个 发 薪 日 /晋 升 日 ： {s25}
qstr_Army_size:_{reg26}|部 队 规 模 ： {reg26} 
qstr_Commander_s_Army|指 挥 官 军 队 
qstr__near_{s10}|靠 近 {s10}
qstr_Your_recruiter_who_w|您 被 委 托 向 {s13}招 募 {reg10}新 兵 的 征 兵 官 被 击 败 {s10}！ 
qstr_Your_caravan_sending|您 发 送 {s12}到 {s13}的 商 队 已 被 加 跨 {s10}！ 
qstr_Your_messenger_on_th|您 在 前 往 {s13}的 途 中 的 使 者 已 被 刺 杀 {s10}！ 
qstr_Your_soldiers_patrol|您 在 {s13}巡 逻 的 士 兵 已 被 杀 光 {s10}！ 
qstr_A_scout_trying_to_ga|一 名 试 图 收 集 有 关 {s13}讯 息 的 侦 察 兵 被 杀 {s10}
qstr_{s1}_of_{s3}_was_def|{s3}的 {s1}在 战 场 上 被 击 败 了 ， 但 设 法 逃 离 了 。 
qstr_Nagahama|Nagahama{***}
qstr_Imahama|Imahama{***}
qstr_{s1}_is_now_a_prison|{s1}现 在 是 {s2}的 囚 犯 
qstr_{s54}_is_a_claimant_|{s54}声 称 应 由 他 担 任 {s56}的 家 督 。 
qstr_nowhere|无 
qstr_{s57}_and_{s58}|{s57}和 {s58}
qstr_{reg3?She:He}|{reg3?她 :他 }
qstr_The_town_of_{s50}|{s50}镇 
qstr_The_village_of_{s50}|{s52}附 近 的 {s50}村 
qstr_{s51}_belongs_to_{s1|{s51}归 {s2}的 {s1}所 有 。 ^ 
qstr_{s51}_belongs_to_{s1}|{s51} 属 于 {s2} 的 {s1}, 并 且 是 他 的 本 城 ^
qstr_{s51}_belongs_to_{s1}_|{s51} 属于 {s2} 的 {s1}, 并 且  是 他 的 家 ^
qstr_{s51}_belongs_to_{s1}_o|{s51} 属于 {s2} 的 {s1}.^
qstr_{s51}_belongs_to_{s2|{s51}属 于 {s2} ，但 目 前 无 人 受 领 ^
qstr_{s51}_belongs_to_{s2}|{s51}属 于 {s2}.^
qstr_{s2}Its_market_town_|{s2}他 所 属 的 城 镇 是 {s8}.^
qstr_{s7}_and_{s8}|{s7}和 {s8}
qstr_{s2}It_has_no_villag|{s2}它 没 有 下 属 的 村 庄 。 ^ 
qstr_{s2}{reg0?Its_villag|{s2}它 {reg0?的 下 属 的 村 庄 是 :的 下 属 的 村 庄 是 }{s8}。 ^ 
qstr_{s2}Its_prosperity_i|{s2}它 的 繁 荣 度 为 ： {s50}
qstr_noone|无 
qstr_{s9}_and_{s10}|{s9}和 {s10}
qstr_{s5}_has_been_defeat|{s5}被 击 败 了 ！ 
qstr_{s7}_opened_the_gate|{s7}打 开 大 门 
qstr_{s7}_closed_the_gate|{s7}关 闭 大 门 
qstr_+{reg1}_to_party_mor|部 队 士 气 增 加 {reg1}
qstr_Requires_{reg1}_inte|需 要 {reg1}点 智 慧 才 能 读 
qstr_Reading_Progress:_{r|阅 读 进 程 :{reg1}%
qstr_wound_treament|疗 伤 
qstr_trainer|教 练 
qstr_surgery|手 术 
qstr_+1_to_{s1}_while_in_|置 于 物 品 栏 时 加 1 点 {s1}技 能 
qstr_Move_here|移 动 到 这 里 
qstr_View_notes|查 看 记 录 
qstr_Accompany|伴 随 
qstr_killed|死 亡 
qstr_wounded|受 伤 
qstr_{s0}^TOTAL:_{reg3}__|{s0}^ 总 计 ： {reg3}({s2}) 
qstr_^None|^ 无 
qstr_nothing|无 
qstr_{reg0}_village{reg1?|{reg0}村 庄 {reg1?:} 
qstr_{reg0}_castle{reg1?s|{reg0}城 堡 {reg1?:} 
qstr_{reg0}_castle{reg1?s:|{reg0}城 堡 {reg1?:} 以 及 {s0}
qstr_{reg0}_town{reg1?s:}|{reg0}城 镇 {reg1?:} 
qstr_{reg0}_town{reg1?s:}_|{reg0}城 镇 {reg1?:} 以 及 {s0}
qstr_{reg0}_town{reg1?s:}_{|{reg0}城 镇 {reg1?:}， {s0}
qstr_Your_opponents_are_r|你 的 对 手 已 经 准 备 好 了 。 
qstr_Try_to_destroy_as_ma|你 需 要 在 两 分 半 钟 的 时 间 内 尽 可 能 多 的 摧 毁 目 标 。 
qstr_Stay_behind_the_line|站 在 线 后 射 击 目 标 。 尽 量 不 要 浪 费 任 何 一 发 弹 药 。 
qstr_Battle_Advantage_=_{|战 场 优 势 为 {reg0}。 
qstr_{s9}_wants_you_to_re|{s9}希 望 你 能 够 在 接 到 进 一 步 的 指 令 以 前 跟 着 他 的 部 队 前 进 。 
qstr_Tribune|Tribune{***}
qstr_{s5}_of_the_{s7}_has|{s7}中 的 {s5}已 拥 有 {s4}的 所 有 权 。 
qstr_{s4}_has_been_awarde|{s4}已 被 授 予 给 {s7}中 的 {s5}。 
qstr_pt_in_{s11}|pt in {s11}{***}
qstr__Being_Raided_|（ 被 掠 夺 中 ） 
qstr__Looted_|（ 已 被 洗 劫 ） 
qstr__Under_Siege_|（ 陷 入 包 围 ） 
qstr_The_village_of_{s1}_|{s1}村 遭 受 了 {s2}的 掠 夺 。 
qstr_{s3}_is_no_longer_un|{s3}不 再 陷 入 包 围 了 。 
qstr_Small_bands_of_enemi|{s1}附 近 发 现 小 股 敌 军 。 
qstr_Enemy_patrols_spotte|{s1}附 近 发 现 敌 军 巡 逻 。 
qstr_Medium_sized_group_o|{s1}附 近 发 现 敌 军 中 等 规 模 部 队 。 
qstr_Significant_group_of|{s1}附 近 发 现 敌 军 大 部 队 。 
qstr_Army_of_enemies_spot|{s1}附 近 发 现 敌 军 集 团 。 
qstr_Large_army_of_enemie|{s1}附 近 发 现 大 规 模 敌 军 集 团 。 
qstr_Great_host_of_enemie|{s1}附 近 发 现 超 大 规 模 敌 军 集 团 。 
qstr_{s0}_collects_{reg0}|{s0}从 {s4}当 前 的 财 富 中 收 集 {reg0}文 钱 ： {reg1}文 钱  
qstr_{reg2}|{reg2}
qstr__{s10}_of_{s13}_recr| {s10} of {s13} 在 {s14} 招募 {s11} {s12}
qstr_{s1}_has_been_besieg|{s1}受 到 {s3}的 {s2}包 围 。 
qstr__{s1}__{s11}:_{s14}|({s1}) {s11}: {s14}
qstr_{s14}__{s21}_|{s14} ({s21})
qstr_{s5}_has_the_greates|{s5}在 {s4}的 领 主 中 得 到 最 大 的 支 持 ， 成 为 下 一 任 总 大 将 ， 但 {s0}推 翻 了 他 们 的 决 定 。 
qstr_{s5}_has_the_greatest|{s5}在 {s4}的 领 主 中 获 得 最 大 的 支 持 以 获 得 {s1}， 但 {s0}推 翻 了 他 们 的 决 定 。 
qstr_{s5}_has_the_greatest_|{s5}在  {s4}的  领  主  中  获  得  最  大  的  支  持  ，  成  为  下  一  位  总 大 将  ，  但  {s0}否  决  了  他  们  的  选  择  。  
qstr_{s5}_has_the_greatest_s|s5}在 {s4}的 领 主 中 获 得 {s1}的 支 持 最 大 ， 但 是 {s0}否 决 了 他 们 的 选 择 。 
qstr_{s1}_is_the_new_stra|{s1}是 {s2}的 新 总 大 将 。 
qstr_You_gained_{reg12}_r|你 获 得 了 {reg12}点 声 望 。 
qstr_You_lose_{reg12}_ren|你 失 去 了 {reg12}点 声 望 。 
qstr_Your_relation_with_{|你 与 {s1}的 关 系 提 升 了 。 
qstr_Your_relation_with_{s|你 与 {s1}的 关 系 恶 化 了 。 
qstr_You_gain_honour.|你 获 得 荣 誉 。 
qstr_You_lose_honour.|你 失 去 荣 誉 。 
qstr_{s1}_has_declared_wa|{s1}已 经 向 {s2}宣 战 。 
qstr_{s0}_is_laying_siege|{s0}围 攻 {s1}。 
qstr_{s0}_is_patrolling_a|{s0}正 在 {s1}周 围 巡 逻 。 
qstr_{s0}_is_raiding_arou|{s0}袭 击 {s1}。 
qstr_{s0}_is_engaging_{s1|{s0}正 在 引 诱 {s1}。 
qstr_{s0}_is_accompanying|{s0}跟 随 {s1}。 
qstr_{s0}_is_screening_th|{s0}正 在 监 视 {s1}的 进 度 。 
qstr_{s0}_is_trading_with|{s0}与 {s1}进 行 交 易 。 
qstr_{s0}_is_retreating_t|{s0}正 在 撤 退 到 {s1}。 
qstr_{s0}_is_visiting_{s1|{s0}正 在 参 观 {s1}。 
qstr_{s1}_and_{s2}_have_m|{s1}与 {s2}已 经 达 成 了 停 战 协 议 。 
qstr_{s2}_{reg3?was:is_cu|{s2}{reg3?曾 :正 }在 {s3}。 
qstr_{s2}_{reg3?was:is}_t|{s2}{reg3?已 经 :正 在 }赶 去 {s3}， 而 {reg4?她 :他 }{reg3? 之 前 :也 许 }在 {s4}{reg3?:附 近 }。 
qstr_{s2}_{reg3?was:is}_tr|{s2} {reg3?之 前 :正 在 }赶 去 {s3}并 且 {reg4?她 :他 } {reg3?之 前 :应 该 }在 {s4}和 {s1}之 间 {reg3?: 现 在 }
qstr_{s2}_{reg3?was:is}_i|{s2}{reg3?:正 } 在 野 外 某 地 ， 而 {reg4?她 :他 } {reg3?之 前 :也 许 } 在 {s3}{reg3?:附 近 }。 
qstr_{s2}_{reg3?was:is}_in|{s2} {reg3?之 前 :正 在 }野 外 然 后 {reg4?她 :他 } {reg3?之 前 :应 该 }在 {s3}和 {s1}之 间 {reg3?: 现 在 }
qstr_{s2}_{reg3?was:is}_b|{s2}{reg3?曾 :正 }被 囚 禁 在 {s3}。 
qstr_{s2}_{reg3?was:has_b|{s2}{reg3?已 :已 经 }被 {reg4?她 的 :他 的 }敌 人 俘 虏 。 
qstr_{reg3?{s2}_s_locatio|{reg3?{s2}的 位 置 不 明 确 :我 不 知 道 {s2}在 哪 里 }。 
qstr_{s6}_has_joined_your|{s6}加 入 了 你 的 部 队 。 
qstr_You_now_owe_{reg2}_m|您 现 在 欠 {s1}{reg2}文 钱 。 
qstr_Renown_value_for_thi|这 场 战 斗 的 声 望 评 估 为 {reg8}点 。 
qstr_You_have_run_into_a_|你 陷 入 了 圈 套 之 中 ！ 
qstr_You_are_attacked_by_|你 被 一 群 强 盗 打 劫 了 ！ 
qstr_Holding|坚 守 中 
qstr_Following|随 行 中 
qstr_Charging|冲 锋 中 
qstr_Advancing|前 进 中 
qstr_Falling_Back|后 退 中 
qstr_Standing_Closer|聚 拢 中 
qstr_Spreading_Out|散 开 中 
qstr_Standing|站 立 中 
qstr_Free|自 由 行 动 中 
qstr_Any_Weapon|任 意 武 器 
qstr_Blunt_Weapons|钝 击 武 器 
qstr_Your_soldiers_patroll|你 巡 逻 {s6}的 战 士 因 为 你 离 开 阵 营 而 解 散 了 ！ 
qstr_{s1}_Rebels|{s1}叛 军 
qstr_Given_by:_{s62}|给 予 人 ： {s62}
qstr_Given_on:_{s60}|开 始 于 ： {s60}
qstr_You_have_{reg0}_days|你 还 有 {reg0}天 来 完 成 这 个 任 务 。 
qstr_This_quest_has_been_|任 务 完 成 。 找 {s59}谈 话 来 结 束 这 个 任 务 。 
qstr_This_quest_has_been_s|任 务 成 功 完 成 。 找 {s59}谈 话 来 索 取 你 的 报 酬 。 
qstr_This_quest_has_faile|任 务 失 败 。 找 {s59}谈 话 来 解 释 情 况 。 
qstr_At_the_time_quest_wa|接 受 任 务 时 ： ^{s1}
qstr_{s5}_has_a_strength_|{s5}的 军 队 共 有 {reg1}人 。 
qstr_The_last_time_you_sa|上 一 次 你 见 到 {reg1?她 :他 }， {s1}
qstr_The_last_time_you_he|上 一 次 你 听 说 到 {reg1?她 :他 }， {s1}
qstr_Current_garrison_con|当 前 的 守 城 部 队 有 {reg5}人 。 ^ 共 有 {reg6}天 的 存 粮 。 
qstr_Very_Poor|非 常 贫 穷 
qstr_Poor|贫 穷 
qstr_Average|一 般 
qstr_Rich|富 有 
qstr_Very_Rich|非 常 富 有 
qstr_Manor|城 砦 
qstr_A_manor_lets_you_res|有 了 一 个 城 砦 ， 你 就 可 以 在 村 子 中 休 息 ， 而 且 在 此 期 间 你 只 用 付 相 当 于 平 时 一 半 的 工 资 给 你 的 部 队 ，^每 周 增 加 该 地 领 主 声 望 5 点^增 加 当 地 收 入。 
qstr_Mill|稻 田 
qstr_A_mill_increases_vil|扩 建 一 片 稻 田 ， 就 可 以 使 该 地 的 繁 荣 度 提 升 65%，并 每 周 提 升 10 点 繁 荣 度 ，^增 加 当 地 收 入。 
qstr_Watch_Tower|地 头 武 士 聚 集 地  
qstr_A_watch_tower_lets_t|建 造 一 个 地 头 武 士 聚 集 地 ， 就 可 以 使 一 些 流 离 的 武 士 在 此 安 家 。如 果 村 庄 受 到 侵 略，野 武 士 们 会 更 早 的 发 出 警 报 ， 并 奋 起 抵 抗 。 延 长 敌 人 掠 夺 这 村 子 的 时 间 50%。 
qstr_Shrine|神 社 
qstr_A_Shinto_shrine_incr|神 社 使 村 民 对 您 的 忠 诚 度 每 月 增 加 +1。 
qstr_Messenger_Post|驿 站 
qstr_A_messenger_post_let|有 了 一 个 驿 站 ， 就 可 以 使 村 民 在 村 子 旁 发 现 敌 军 时 向 你 汇 报 ， 不 论 你 离 村 子 有 多 远 ^提 高 当 地 治 安。   
qstr_Prison_Tower|监 狱 
qstr_A_prison_tower_reduc|有 了 一 个 监 狱， 就 可 以 使 被 俘 获 的 领 主 成 功 逃 跑 的 几 率 降 低。 
qstr_Prosperity_of_{s2}_h|{s2}的 繁 荣 度 从 {s3}变 到 {s4}。 
qstr_{s4}_looks_upset.|{s4}看 起 来 很 失 落 。 
qstr_your_party|你 的 部 队 
qstr_{reg0?One_of_your_pr|{reg0?你 的 一 个 俘 虏 :俘 虏 }{s3}的 {s1}从 监 狱 逃 跑 了 ！ 
qstr_You_brought_{reg3}_h|你 带 了 {reg3}头 牛 去 {s1}。 
qstr_I_heard_that_there_w|我 听 说 在 {s62}将 会 举 办 一 场 竞 技 大 会 。 
qstr_I_heard_some_people_|我 听 说 有 人 说 他 们 不 相 信 {s6}真 的 死 了 。 
qstr_I_heard_a_traveller_|我 听 说 有 一 位 旅 行 者 说 他 在 这 些 土 地 上 旅 行 时 遇 到 {s6}。 
qstr_I_heard_that_{s6}_in|我 听 说 {s6}打 算 增 兵 ， 并 从 {s61}手 中 夺 取 霸 主 。 
qstr_I_heard_that_one_can|我 听 说 {s62}在 {s63}卖 得 很 便 宜 。 
qstr_I_heard_that_they_pa|我 听 说 {s62}在 {s63}卖 的 很 贵 。 
qstr_two_days_ago|两 天 之 前 
qstr_The_marshal_is_levyi|总 大 将 从 你 的 中 心 {s10}征 召 {reg0}部 队 。 
qstr_Best_threat_of_{s4}_|最 有 威 胁 的 {s4}价 值 等 级 为 {reg1}
qstr_No_center_found_to_d|没 发 现 防 守 地 点 
qstr_You_gain_right_to_ru|你 获 得 统 治 权 。 
qstr_You_lose_right_to_ru|你 失 去 统 治 权 。 
qstr_{s0}^{s1}|{s0}^{s1}
qstr_{reg0}_mon_added_to_|{reg0}文 钱 已 添 加 到 金 库 中 。 
qstr_{reg0}_mon_removed_f|{reg0}文 钱 已 从 金 库 中 拿 出 。 
qstr_{s1}_and_{s2}_have_e|{s1}和 {s2}已 经 相 互 结 盟 。 
qstr_{s1}_and_{s2}_have_c|{s1}和 {s2}已 经 缔 结 了 一 个 防 御 协 定 。 
qstr_{s1}_and_{s2}_have_co|{s1}和 {s2}已 经 签 订 了 一 项 贸 易 协 议 。 
qstr_{s1}_and_{s2}_have_con|{s1}和 {s2}已 经 缔 结 了 一 项 非 侵 略 协 定 。 
qstr_{s5}_patrol|{s5}巡 逻 队 
qstr_Transfer_to_{s5}|传 送 到 {s5}
qstr_{s5}_scout|{s5}侦 察 兵 
qstr_{s4}_has_returned_fr|{s4}已 流 亡 返 回 ， 寻 求 {s5}中 {s6}的 庇 护 。 
qstr_{s4}_has_been_grante|{s4}已 获 {s5}的 {s6}赦 免 ， 并 已 从 流 放 返 回 。 
qstr_Given_the_way_things|鉴 于 目 前 我 们 之 间 的 情 况 ， {playername}， 我 认 为 进 行 这 样 的 安 排 是 不 明 智 的 。 
qstr_{playername}_I_am_gr|{playername}， 我 支 持 你 您 ， 但 是 在 人 们 的 眼 中 ， 您 没 有 足 够 的 合 法 性 作 为 潜 在 的 共 同 统 治 者 。 
qstr_{playername}_I_know_|{playername}， 我 知 道 如 果 不 是 您 ， 我 不 会 坐 在 这 个 宝 座 上 ， 但 是 您 的 名 字 在 日 本 鲜 为 人 知 。 
qstr_{playername}_I_am_gra|{playername}， 非 常 感 谢 您 在 重 新 获 得 我 应 有 的 位 置 方 面 所 提 供 的 帮 助 ， 但 您 没 有 足 够 的 个 人 财 产 来 满 足 我 的 需 求 。 
qstr_{playername}_I_am_grat|{playername}， 我 感 谢 您 ， 但 是 如 果 我 现 在 接 受 我 ， 我 将 冒 犯 {s15}之 类 的 强 大 武 士 的 风 险 ， 这 些 武 士 可 能 会 认 为 自 己 的 荣 誉 等 于 或 大 于 您 的 荣 誉 。 
qstr_{playername}_I_am_grate|{playername}， 我 感 谢 您 ， 但 是 如 果 我 现 在 接 受 我 ， 我 将 冒 犯 诸 如 {s15}之 类 的 武 士 风 险 ， 这 些 武 士 可 能 会 认 为 自 己 的 荣 誉 等 于 或 大 于 您 的 荣 誉 。 
qstr_{playername}_while_I|{playername}， 尽 管 我 感 谢 您 ， 但 我 必 须 承 认 我 喜 欢 {s15}。 
qstr_Our_realm_has_too_fe|我 们 的 领 地 太 少 了 。  在 目 前 风 云 突 变 的 情 况 下 ， 我 必 须 利 用 潜 在 的 政 治 联 盟 的 诱 惑 来 吸 引 新 的 附 庸 ， 并 且 还 不 能 被 视 为 致 力 于 任 何 一 个 {reg65？ suitor： candidate}。 
qstr_Because_I_have_insuf|由 于 与 {s15}相 比 ， 我 的 个 人 财 产 不 足 ， 因 此 ， 如 果 我 做 出 这 样 的 安 排 ， 我 可 能 会 冒 成 为 傀 儡 的 危 险 ， 从 而 使 该 领 域 的 稳 定 受 到 威 胁 。 
qstr_Because_my_personal_|由 于 与 {s14}的 其 他 领 主 相 比 ， 我 的 个 人 财 产 不 够 大 ， 因 此 ， 如 果 我 做 出 这 样 的 安 排 ， 我 可 能 会 冒 着 成 为 傀 儡 的 危 险 ， 从 而 使 该 领 域 的 稳 定 受 到 威 胁 。 
qstr_I_am_grateful_to_you|{playername}， 我 非 常 感 谢 您 ， 但 是 在 {s14}的 领 主 中 您 有 太 多 敌 人 ， 因 此 您 的 建 议 在 政 治 上 不 可 行 。 如 果 我 接 受 的 话 ， 可 能 会 有 部 下 起 义 。 
qstr_You_have_engendered_|您 最 近 引 起 了 太 多 争 议 ， {playername}。 
qstr_If_you_desire_to_lea|如 果 您 想 带 领 {s14}陪 伴 我 ， 请 在 我 的 诸 侯 中 寻 求 支 持 ， 以 担 任 马 歇 尔 ， 并 向 他 们 展 示 您 作 为 战 争 领 袖 的 能 力 。 
qstr_Our_realm_has_lost_t|我 们 的 国 家 失 去 了 太 多 领 土 。 我 们 曾 经 持 有 {s1}， 但 现 在 只 持 有 {s0}。 在 目 前 不 稳 定 的 情 况 下 ， 我 必 须 保 留 一 个 政 治 联 盟 的 可 能 性 ， 作 为 与 其 他 主 权 国 家 谈 判 的 筹 码 ， 因 此 我 仍 然 被 视 为 致 力 于 任 何 单 一 的 {reg65？ 申 请 人 ： 候 选 人 }. 恢 复 {s14}以 前 的 荣 耀 ， 我 会 很 高 兴 让 你 在 我 身 边 做 我 的 {丈 夫 /妻 子 }。 
qstr_{s0}_{reg0?have:has}|{s0}已 输 给 其 他 国 家 。  将 {s14}恢 复 到 应 有 的 疆 土 ， 我 很 乐 意 让 您 作 为 我 的 {丈 夫 /妻 子 }在 我 旁 边 统 治 。 
qstr_You_have_only_been_s|您 仅 当 了 {reg0} 天 的 总 大 将 。  在 您 担 任 该 职 位 至 少 两 个 星 期 后 ， 再 让 我 们 来 谈 谈 这 个 问 题 。 
qstr_If_not_for_you_I_wou|如 果 不 适 合 您 ， 我 不 会 在 这 里 ， {playername}。  当 我 们 开 始 长 途 跋 涉 时 ， 很 少 有 人 有 勇 气 支 持 我 。  还 有 更 少 的 人 愿 意 为 我 的 事 业 冒 生 命 危 险 。  但 是 ， 您 毫 不 犹 豫 地 向 着 我 。  我 们 在 一 起 经 历 了 很 多 事 情 ， 最 终 我 们 取 得 了 胜 利 。  我 将 很 高 兴 接 受 您 同 时 担 任 {s14}的 {丈 夫 /妻 子 }和 共 同 统 治 者 。 
qstr_You_sold_{reg1}_{reg|您 将 {reg1}{reg3？ items： item}卖 给 了 {s0}， 并 获 得 了 {reg0}文 钱 ； 
qstr_You_sold_{reg1}_{reg3|您 将 {reg1}{reg3？ items： item}卖 给 了 {s0}， 并 获 得 了 {reg0}文 钱 ； 
qstr_You_have_bought_{reg|您 已 购 买 {reg2}种 种 食 物 ， 却 损 失 了 {reg1}文 钱 。 
qstr_You_sold_{reg2}_{reg|您 卖 出 了 {reg2}种 腐 烂 的 食 物 ， 并 获 得 了 {reg1}文 钱 
qstr_naginata|薙 刀 
qstr_spear|矛 
qstr_bow|弓 
qstr_sword|剑 
qstr_naginatas|薙 刀 
qstr_spears|长 矛 
qstr_bows|弓 箭 
qstr_swords|剑 
qstr_swing_my_naginata|挥 舞 我 的 薙 刀 
qstr_lift_my_spear|举 起 我 的 矛 
qstr_loose_my_arrows|射 出 我 的 箭 
qstr_swing_my_sword|挥 舞 我 的 剑 
qstr_great_lords|great lords{***}
qstr_lord|lord{***}
qstr_lords|lords{***}
qstr_goatherd|goatherd{***}
qstr_swineherd|swineherd{***}
qstr_stable_{boy/girl}|stable {boy/girl}{***}
qstr_shepherd_{boy/girl}|牧 羊 人 {男 孩 /女 孩 }
qstr_sake|清 酒 
qstr_{reg6?M:m}y_poppet|{reg6?M:m}y poppet{***}
qstr_{reg0?Y:y}ou|{reg0?Y:y}ou{***}
qstr_{reg0?M:m}yself|{reg0?M:m}yself{***}
qstr_{reg0?O:o}ur_{s1}_{s|{reg0?O:o}ur {s1} {s0}{***}
qstr_{reg0?M:m}y_{s1}_{s0|{reg0?M:m}y {s1} {s0}{***}
qstr_{reg0?Y:y}our_{s1}_{|{reg0?Y:y}our {s1} {s0}{***}
qstr_{s2}:_{reg3}_{reg4}_|{s2}: {reg3}, {reg4} 天
qstr_{s4}:_{reg4}|{s4}: {reg4}{***}
qstr_{s1}_gathering_suppo|{s1}(gathering support){***}
qstr_{s1}__intelligence_|{s1} (intelligence){***}
qstr_{s1}__ambassy_|{s1} (ambassy){***}
qstr_{s1}__minister|{s1} (minister{***}
qstr_{s1}__under_arms_|{s1} (under arms){***}
qstr_{s1}__attempting_to_|{s1} (attempting to rejoin){***}
qstr_{s1}__separated_afte|{s1} (separated after battle){***}
qstr__knows_of_you.| knows of you.{***}
qstr__has_no_opinion_abou| has no opinion about you.{***}
qstr_{s57}_and_{s50}|{s57} and {s50}{***}
qstr_Japan.|日 本 
qstr_sworn_man|sworn man{***}
qstr_ruler|ruler{***}
qstr_free_man|free man{***}
qstr_{s1}_Renown:_{reg40}|{s1} Renown: {reg40}, Controversy: {reg41}^Honor: {reg42}, Right to rule: {reg43}^You are a {s44} of {s45}^{reg45?{reg46?Your liege, {s46},{s47}:You are the ruler of {s45}}:}^^Friends: ^Enemies: ^^Fiefs:^  {reg50?{s50}:no fief}{***}
qstr_{s1}{s2}_{reg46?Repu|{s1}{s2}{reg46?被 誉 为 是 {s42}:}^声 望 :{reg40},争 议 :{reg41}{reg46?不 耐 烦 :{reg43}:}^{s45}的 {s44}贵 族 ^{reg46?君 臣 :{s46},关 系 :{reg47}:{s45}的 统 治 者 }^^{reg48?当 前 是 {s48}的 俘 虏 :}^自 上 次 见 面 以 来 的 天 数 :{reg49}^^封 地 {reg51?(被 许 诺 封 地 ):}:^{reg50?{s50}:无 封 地 }
qstr_conventional|传 统 的 
qstr_adventurous|冒 险 地 
qstr_otherwordly|空 想 的 
qstr_ambitious|有 雄 心 的 
qstr_moralist|道 德 家 
qstr_just_met|刚 刚 见 面 
qstr_admirer|爱 慕 者 
qstr_promised|许 诺 
qstr_breakup|分 手 
qstr_unknown|未 知 
qstr_Heroic_{s50}|英 勇 的 {s50}
qstr_Allegoric_{s50}|寓 言 的 {s50}
qstr_Comic_{s50}|滑 稽 {s50}
qstr_Mystic_{s50}|神 秘 {s50}
qstr_Tragic_{s50}|悲 惨 的  {s50}
qstr_{s1}{s2}_Controversy|{s1} {s2}争 议 ： {reg41} ^声 誉 ： {s42}， 求 爱 状 态 ： {s43} ^属 于 {s45} ^ {reg46？ 她 的 父 亲 ， {s46}： 她 的 监 护 人 ， {s46}} { s47} ^允 许 访 问 ： {reg45？ 是 ： 否 } {reg48？ 订 婚 于 {s48}： } ^^自 上 次 会 议 以 来 的 天 数 ： {reg49} ^^诗 ： ^ {reg50？ {s50}： 没 有 诗 集 } 
qstr_Gathering_support|收 集 支 持 
qstr_Gathering_intelligen|在 {s66} 中 收 集 情 报  
qstr_Ambassy_to_{s66}|派 特 使 前 往 {s66}
qstr_Minister|Minister{***}
qstr_none|无 
qstr_{s1}_{s2}^Reputation|{s1}， {s2} ^声 誉 ： {s42} ^出 生 于 {s43} ^ {s45}的 {s44}的 联 系 人 。 ^^ {reg48？ 目 前 {s48}的 囚 徒 ： } ^距 离 上 次 交 谈 的 天 数  到 ： {reg49} ^^当 前 任 务 ： ^ {s50} {reg50 ?， 又 回 到 {reg50}天 。 ： } 
qstr_{s1}^|{s1}^
qstr_Hold|坚 守 阵 地 
qstr_{s1}_x{reg0}|{s1}x{reg0}
qstr_Hold_Fire|开 火 
qstr_Fire_at_Will|随 意 开 火 
qstr_Use_Shield|使 用 盾 牌 
qstr_Back_10_Paces|后 退 10步 
qstr_One_Handed_Weapons|使 用 单 手 武 器 
qstr_Two_Handed_Weapons|使 用 双 手 武 器 
qstr_Ranged_Weapons|使 用 远 程 武 器 
qstr_{s2}^{s1}|{s2}^{s1}
qstr_No_Position_Orders|无 位 置 命 令 
qstr_No_Weapons_Orders|无 武 器 命 令 
qstr_ready_bows_and_missi|准 备 好 弓 和 箭 
qstr_ready_side_arms|准 备 好 随 身 武 器 
qstr_ready_two_handers|准 备 好 双 手 武 器 
qstr_ready_polearms|准 备 好 了 的 武 器 
qstr_brandish_shields|挥 舞 盾 牌 
qstr_doff_your_shields|脱 下 你 的 盾 牌 
qstr_shields_at_will|随 意 使 用 盾 牌 
qstr_avoid_melee|避 免 近 战 
qstr_stand_and_fight|站 在 这 里 战 斗 
qstr_Everyone|所 有 人 
qstr_Your_party_consumed_|你 的 队 伍 消 耗 了 {reg1}个 单 位 的 食 物 {reg4?, {reg4}来 自 觅 食 : }（还 剩 {reg2}天 ）。  
qstr_{s2}_managed_to_fora|{s2}设 法 觅 食 {reg4}单 位 的 食 物 补 充 供 给 。 
qstr_Added_money_for_your|为 你 的 老 马 增 加 金 币 。 
qstr_You_have_been_enlist|您 已 入 伍  ！ 
qstr_Current_rank:_{s5}|当 前 排 名 ： {s5}
qstr_You_have_been_allowe|您 已 被 允 许 保 留 您 的 装 备 ！ 
qstr_You_have_left_your_c|您 已 经 离 开 了 指 挥 官 ！ 
qstr_You_have_been_grante|您 已 获 准 假 ！ 
qstr_You_have_rejoined_yo|您 已 重 新 加 入 指 挥 官 队 伍 ！ 
qstr_{s11}_has_left_for_h|{s11}已 经 离 家 出 走 了  。
qstr_{s11}_has_left_to_fi|{s11} has left to find greener pastures.{***}
qstr_{s3}_{s2}|{s3}, {s2}
qstr_The_equipment_of_a_{|{s1}： {s2}的 装 备 已 分 配 给 您 。 
qstr_The_equipment_of_a_{s|{s1}： {s2}的 装 备 已 从 您 手 中 拿 走 。 
qstr_You_got_keys_of_dung|你 获 得 了 监 狱 的 钥 匙 。 
qstr_Press_TAB_to_end_the|按 TAB键 结 束 战 斗 。 
qstr_You_were_defeated.|您 被 击 败 了 。 
qstr_Rotate_with_the_mous|用 鼠 标 旋 转 ， 用 标 准 键 移 动 。 
qstr_Shift/Control_for_Up|向 上 /向 下 移 动 Shift /控 制 键 ， 空 格 键 可 提 高 速 度 。 
qstr_Numpad_Plus/Minus_to|数 字 加 号 /减 号 可 以 更 改 灵 敏 度 ， Home可 以 重 置 位 置 。 
qstr_Sensitivity___25%__{|灵 敏 度 -25％ （ {reg8}， {reg9}） 
qstr_Sensitivity_+_25%__{|灵 敏 度 + 25％ （ {reg8}， {reg9}） 
qstr_Everyone_you_know_wh|士 兵 们 ， 你 知 道 该 怎 么 做 ， 坚 守 你 们 的 岗 位 ！ 
qstr_first|一 
qstr_second|二 
qstr_third|三 
qstr_fourth|四 
qstr_fifth|五 
qstr_current|目 前 
qstr_The_attackers_have_d|进 攻 者 损 坏 了 {s5}门 ！ 
qstr_The_{s5}_gate_is_dow|{s5}门 的 强 度 降 低 到 {reg5}％ ！ 
qstr_The_last_gate_has_be|最 后 一 道 门 已 被 摧 毁 ！ 
qstr_The_{s5}_gate_has_be|{s5}门 已 被 毁 ！ 
qstr_You_got_the_keys_of_t|你 获 得 了 监 狱 钥 匙 ！ 
qstr_You_must_stay_behind|你 必 须 站 在 线 后 ！ 此 次 攻 击 无 效 。 
qstr_Tutorial|训 练 
qstr_Calculating_value_of|计 算 原 始 物 品 的 价 值 ！ 
qstr__Next_pay_day:_{s1}|下 一 个 发 薪 日 ： {s1} 
qstr_{s1}^^Affiliated_to_|{s1} ^^隶 属 于 {s5}
qstr_You_came_into_the_wo|你 作 为 一 个 没 落 贵 族 家 庭 中 的 {reg3?女 儿 :儿 子 }降 生 在 这 个 世 界 上 ， 家 中 只 剩 下 了 一 幢 房 子 还 矗 立 着 ， 记 录 着 已 经 散 去 的 往 日 荣 光 。 不 过 ， 即 使 生 活 困 苦 ， 家 里 依 然 给 予 了 你 很 好 的 教 育 ， 并 从 孩 童 时 期 就 对 你 进 行 严 格 的 行 为 举 止 方 面 的 训 练 。 
qstr_{reg3?daughter:son}|{reg3?女 儿 :儿 子 }
qstr_You_were_a_child_of_|你 是 一 个 草 原 之 子 ， 生 活 在 一 个 不 断 迁 徙 着 的 游 牧 部 落 之 中 。 象 部 落 中 其 他 人 一 样 ， 你 们 将 马 看 得 比 任 何 事 物 都 重 要 ， 在 你 学 会 走 路 之 前 ， 你 就 已 经 学 会 了 骑 马 。 
qstr_You_were_born_the_{r|你 是 一 位 旅 行 商 人 的 {reg3?女 儿 :儿 子 }， 为 了 追 寻 利 益 ， 他 们 经 常 从 一 个 地 方 到 另 一 个 地 方 四 处 奔 走 。 即 使 你 的 父 母 比 常 人 富 有 ， 并 且 尽 他 们 所 能 给 予 你 最 好 的 教 育 ， 在 旅 行 中 ， 你 还 是 会 时 常 与 别 人 买 卖 一 些 小 玩 意 ， 并 交 上 一 些 朋 友 。 
qstr_As_a_child_your_fami|在 孩 童 时 期 ， 依 靠 着 父 亲 在 城 中 做 护 卫 的 一 点 微 薄 工 资 ， 你 和 家 人 过 着 艰 苦 而 清 贫 的 生 活 ， 并 且 你 也 支 付 不 起 学 费 ， 所 以 你 主 要 学 习 的 是 如 何 在 不 论 手 中 是 否 握 有 武 器 的 各 种 情 况 下 尽 量 保 护 自 己 。 
qstr_You_were_the_{reg3?d|你 是 一 个 居 住 在 森 林 中 的 家 庭 里 面 的 {reg3?女 儿 :儿 子 }在 这 里 你 们 过 着 自 给 自 足 的 生 活 。 对 于 你 家 里 来 说 冬 天 并 不 能 称 之 为 一 个 好 的 季 节 ， 它 带 走 的 不 仅 是 牲 畜 ， 还 有 人 的 性 命 。 不 过 每 天 你 依 然 期 盼 着 下 一 个 黎 明 ， 即 使 你 的 兄 弟 姐 妹 可 能 已 经 看 不 到 那 些 了 。 
qstr_As_the_{reg3?daughte|作 为 盗 贼 的 {reg3?女 儿 :儿 子 }， 你 已 懂 得 很 少 “ 正 规 ” 的 教 育 。 你 从 小 就 在 大 街 上 乞 讨 ， 直 到 学 会 如 何 割 钱 包 ； 之 后 一 直 割 包 ， 直 到 学 会 如 何 解 锁 ， 整 个 童 年 就 是 在 这 样 的 过 程 中 度 过 的 。 经 过 这 些 漫 长 的 岁 月 ， 你 学 会 了 盗 贼 的 生 存 方 式 ， 隐 入 了 城 市 的 阴 暗 巷 道 之 中 。 
qstr_As_a_{reg3?girl:boy}|你 被 送 到 本 地 中 的 一 个 贵 族 家 庭 中 寄 养 。 渐 渐 如 同 其 他 {reg3?女 孩 :男 孩 }一 样 长 大 。 在 那 里 ， 你 在 等 侯 家 主 和 夫 人 的 过 程 中 ， 学 会 第 一 堂 名 为 “ 谦 卑 ” 的 课 程 。 此 外 ， 在 和 他 们 的 对 弈 、 闲 谈 、 甚 至 是 对 伟 大 功 绩 或 高 尚 爱 情 的 诗 赞 中 ， 你 迅 速 地 学 会 了 成 人 世 界 的 争 斗 和 竞 争 。 你 也 会 从 其 他 孩 子 的 野 蛮 游 戏 中 ， 在 他 们 以 木 棒 代 剑 的 对 打 中 ， 学 会 他 们 大 人 的 用 剑 方 法 。
qstr_As_a_{reg3?girl:boy}_|你 作 为 一 名 本 地 工 匠 的 学 徒 学 会 了 如 何 进 行 买 卖 ， 并 渐 渐 像 其 他 {reg3?女 孩 :男 孩 }一 样 长 大 。 在 数 年 的 努 力 工 作 和 学 习 后 ， 他 升 你 为 正 式 工 匠 ， 付 你 全 薪 直 到 你 决 定 离 开 。 
qstr_As_a_{reg3?girl:boy}_g|你 作 为 一 名 有 钱 的 商 人 的 学 徒 ， 在 多 年 的 交 易 和 行 商 中 挖 掘 出 买 卖 才 能 ， 渐 渐 像 其 他 {reg3?女 孩 :男 孩 }一 样 长 大 。 你 很 快 就 学 会 了 低 入 高 出 ， 并 标 出 让 顾 客 满 意 价 格 的 技 巧 。 
qstr_As_a_{reg3?girl:boy}_gr|你 被 遗 弃 在 大 街 上 为 了 生 存 而 无 所 不 为 ， 却 像 其 他 {reg3?女 孩 :男 孩 }一 样 逐 渐 成 长 。 从 最 初 的 偷 盗 ， 到 仅 仅 只 是 为 了 获 得 一 块 面 包 而 为 那 些 歹 徒 工 作 。 你 每 天 都 在 这 种 残 酷 的 世 界 中 挣 扎 ， 并 总 在 执 法 者 和 病 魔 到 来 之 前 藏 好 自 己 。 
qstr_As_a_{reg3?girl:boy}_gro|在 和 其 他 {reg3?女 孩 :男 孩 }一 样 的 成 长 过 程 中 ， 你 曾 在 大 草 原 上 骑 着 自 己 的 马 匹 ， 学 习 着 从 草 原 或 沙 漠 之 中 寻 找 方 向 。 在 无 痕 的 大 地 上 虽 然 不 时 挨 饿 ， 你 还 是 成 了 一 名 熟 练 的 猎 人 和 探 险 者 ， 你 的 身 体 也 开 始 布 满 了 结 实 的 肌 肉 —— 这 ， 就 是 作 为 游 牧 之 {reg3?女 :民 }的 生 活 方 式 。 
qstr_As_a_{reg3?girl:boy}_grow|As a {reg3?girl:boy} growing out of childhood, you lived deep in the mountains, surviving away from civilization. Although often hungry, you became a skillful hunter and pathfinder in this trackless country. Your body too started to harden with muscle as you endured your rough life.{***}
qstr_{reg3?daughter:man}|{reg3?女 人 :男 人 }
qstr_Though_the_distincti|尽 管 阶 级 高 下 如 此 悬 殊 ， 你 仍 然 在 某 种 力 量 的 指 引 下 成 为 一 个 {reg3?女 人 :男 人 }， 整 个 世 界 将 因 你 而 改 变 。 作 为 一 个 上 层 贵 族 的 指 定 护 卫 ， 你 长 时 间 的 练 习 各 种 武 器 ， 学 习 如 何 出 击 和 招 架 。 被 教 导 要 对 主 人 效 忠 ， 以 及 对 那 些 将 来 可 能 成 为 你 属 下 的 人 负 责 。 在 学 习 骑 士 理 想 的 时 候 ， 从 那 些 老 兵 的 故 事 你 也 知 道 了 不 怎 么 光 彩 的 一 面 —— 残 忍 的 强 权 政 治 ， 背 叛 和 篡 夺 ， 以 及 为 了 目 的 不 择 手 段 。 
qstr_{reg3?woman:man}|{reg3?女人:男人}
qstr_Though_the_distinctio|尽 管 你 突 然 领 悟 到 阶 级 差 别 ， 你 仍 然 在 某 种 力 量 的 指 引 下 成 为 一 名 {reg3?女 人 :男 人 }， 你 身 边 的 整 个 世 界 似 乎 都 变 了 。 你 进 入 了 上 层 女 士 的 紧 密 圈 子 ， 她 们 全 是 真 正 的 淑 女 ， 妇 人 们 、 贵 族 夫 人 们 ， 以 及 一 些 未 婚 千 金 们 。 不 论 如 何 ， 你 总 是 在 女 士 们 在 大 厅 里 穿 着 为 求 显 赫 和 争 红 斗 艳 的 吸 引 男 子 眼 球 的 潮 流 妆 扮 中 嗅 到 政 治 的 味 道 。 你 很 快 学 习 到 将 这 些 情 景 和 举 动 变 为 自 己 优 势 的 方 法 。 这 将 让 令 你 重 新 认 识 自 己 ， 并 让 你 了 解 ， 假 如 你 在 这 方 面 花 些 功 夫 的 话 ， 将 会 对 世 界 产 生 巨 大 的 影 响 。 
qstr_Though_the_distinction|尽 管 你 突 然 领 悟 到 阶 级 差 别 ， 你 仍 然 在 某 种 力 量 的 指 引 下 成 为 一 名 {reg3?女 人 :男 人 }， 你 身 边 的 整 个 世 界 似 乎 都 变 了 。 仅 仅 带 着 背 上 的 乐 器 和 自 己 的 嗓 音 你 就 出 发 了 。 那 是 一 段 穷 苦 的 生 活 ， 因 为 人 们 不 赏 识 你 的 演 奏 而 在 许 许 多 多 的 夜 里 挨 饿 ， 不 过 你 设 法 靠 音 乐 维 持 生 存 。 多 年 以 后 你 在 酒 馆 里 为 醉 鬼 们 熟 练 的 演 奏 ， 甚 至 还 能 让 任 何 人 说 出 你 想 要 的 的 东 西 。 
qstr_Though_the_distinction_|你 在 某 种 力 量 的 指 引 下 成 为 一 个 {reg3?女 人 :男 人 }， 当 你 突 然 领 悟 了 荣 誉 时 ， 你 身 边 的 整 个 世 界 似 乎 都 变 了 。 作 为 一 个 大 城 市 里 的 学 生 ， 你 在 学 院 里 学 习 神 学 、 哲 学 和 医 学 ， 不 过 不 是 所 有 的 课 程 都 在 讲 堂 上 学 的 。 你 有 时 也 和 朋 友 们 在 小 巷 里 闲 逛 ， 喝 酒 ， 找 女 人 ， 打 架 。 不 管 怎 么 说 ， 你 能 观 察 到 如 何 接 上 脱 臼 的 下 巴 ， 或 者 如 何 说 服 一 个 怒 火 中 烧 的 市 民 放 下 大 棒 ， 为 他 被 砸 烂 的 店 铺 接 受 现 金 赔 偿 。 
qstr_Though_the_distinction_f|尽 管 你 突 然 领 悟 到 阶 级 差 别 ， 你 仍 然 在 某 种 力 量 的 指 引 下 成 为 一 名 {reg3?女 人 :男 人 }， 你 身 边 的 整 个 世 界 似 乎 都 变 了 。 你 走 村 串 巷 ， 沿 街 叫 卖 自 己 贩 来 的 货 物 。 那 一 段 并 不 富 裕 的 生 活 ， 让 你 逐 渐 成 长 为 讲 价 的 能 手 ， 即 使 最 吝 啬 的 老 前 辈 也 能 给 你 一 个 好 价 钱 。 你 知 道 ， 不 久 你 将 开 始 发 展 自 己 的 贸 易 帝 国 …… 
qstr_Though_the_distinction_fe|尽 管 你 突 然 领 悟 到 阶 级 差 别 ， 你 仍 然 在 某 种 力 量 的 指 引 下 成 为 一 名 {reg3?女 人 :男 人 }， 你 身 边 的 整 个 世 界 似 乎 都 变 了 。 你 从 事 铁 匠 职 业 ， 用 手 打 造 出 各 种 各 样 的 工 具 。 你 逐 渐 掌 握 了 技 巧 ， 努 力 的 工 作 也 换 来 了 金 钱 、 食 物 和 火 上 的 铁 料 。 你 以 自 己 的 工 作 为 傲 ， 并 且 不 久 就 会 获 得 工 匠 大 师 的 称 号 。 
qstr_Though_the_distinction_fel|尽 管 你 突 然 领 悟 到 阶 级 差 别 ， 你 仍 然 在 某 种 力 量 的 指 引 下 成 为 一 名 {reg3?女 人 :男 人 }， 你 身 边 的 整 个 世 界 似 乎 都 变 了 。 不 满 于 普 通 人 对 于 金 钱 的 拼 死 争 夺 ， 你 潜 入 领 主 的 森 林 ， 在 该 死 的 法 律 之 外 自 己 来 一 点 慷 慨 。 你 猎 杀 野 鹿 、 野 猪 和 野 鹅 ， 偷 偷 卖 出 这 些 美 味 的 干 肉 。 你 在 看 守 的 鼻 子 底 下 砍 树 并 劈 成 木 柴 ， 在 冬 夜 温 暖 许 多 冰 冷 的 家 庭 。 当 然 ， 只 收 一 点 点 银 子 。 
qstr_Though_the_distinction_felt|Though the distinction felt sudden to you, somewhere along the way you had become a {s13}, and the whole world seemed to change around you. Dissatisfied with common men's desperate scrabble for coin, you took to your local lord's own forests and decided to help yourself to its bounty, laws be damned. You hunted deer, boars and geese and sold the precious meat under the table. You cut down trees right under the watchmen's noses and turned them into firewood that warmed many freezing homes during winter. All for a few coins, of course.{***}
qstr_Only_you_know_exactl|只 有 你 确 切 知 道 自 己 为 何 放 弃 以 前 的 生 活 ， 来 做 一 个 冒 险 者 。 因 为 心 中 的 熊 熊 燃 烧 的 怒 火 ， 决 定 离 开 并 不 艰 难 。 你 要 复 仇 ， 你 要 审 判 ， 对 你 所 作 的 一 切 都 不 能 饶 恕 ， 所 有 的 债 只 能 用 鲜 血 来 偿 还 …… 
qstr_Only_you_know_exactly|只 有 你 确 切 知 道 自 己 为 何 放 弃 以 前 的 生 活 ， 来 做 一 个 冒 险 者 。 你 只 想 说 的 就 是 不 能 再 忍 受 下 去 ， 带 着 那 些 让 你 爱 得 如 此 甜 蜜 又 如 此 痛 苦 的 记 忆 。 也 许 新 的 生 活 会 让 你 忘 掉 ， 或 者 给 你 再 也 忍 不 住 要 说 的 那 个 名 字 带 去 荣 誉 ……
qstr_Only_you_know_exactly_|只 有 你 确 切 知 道 自 己 为 何 放 弃 以 前 的 生 活 ， 来 做 一 个 冒 险 者 。 你 不 确 定 从 何 时 起 ， 家 园 变 成 了 监 狱 ， 亲 人 也 变 得 陌 生 ， 只 有 流 浪 占 据 了 你 的 世 界 。 不 管 是 向 往 遥 远 的 乐 土 还 是 仅 仅 路 上 的 自 由 ， 你 再 不 愿 呆 在 同 样 的 地 方 ， 只 是 再 不 回 头 地 走 下 去 …… 
qstr_Only_you_know_exactly_w|只 有 你 确 切 知 道 自 己 为 何 放 弃 以 前 的 生 活 ， 来 做 一 个 冒 险 者 。 你 知 道 再 也 不 能 回 去 ， 也 没 有 地 方 可 回 。 曾 经 的 家 园 已 经 烟 消 云 散 ， 你 必 须 面 对 现 实 ， 在 大 千 世 界 上 ， 沉 浮 全 靠 自 己 一 人 …… 
qstr_Only_you_know_exactly_wh|只 有 你 确 切 知 道 自 己 为 何 放 弃 以 前 的 生 活 ， 来 做 一 个 冒 险 者 。 每 个 人 都 知 道 ， 很 明 显 你 是 单 纯 为 钱 财 而 来 。 你 想 富 有 、 强 大 、 受 人 尊 敬 、 令 人 畏 惧 、 让 人 顺 从 。 你 想 让 人 们 都 知 道 你 的 名 字 ， 并 且 无 论 何 时 听 到 它 就 发 抖 。 你 想 要 每 一 样 东 西 ， 并 且 不 会 让 任 何 人 阻 止 你 得 到 它 …… 
qstr_Back_to_the_beginnin|退 回 开 始 …… 
qstr_View_next_segment...|查 看 下 节 …… 
qstr_^No_food:___{reg7}|^ 没 有 食 物 ： -{reg7}
qstr_^Wage_debt:___{reg6}|^ 拖 欠 工 资 ： -{reg6}
qstr_On_loan|贷 款 ， 
qstr_Appoint_next_strateg|任 命 下 一 位 总 大 将  
qstr_Award_{s12}_as_fief|把 {s12}作 为 封 地 授 予 
qstr_No_one|没 有 人 
qstr_Selected_faction_is:|选 择 的 集 团 是 ： {s10}^^{s9}
qstr_You_are_currently_re|你 正 在 阅 读 {s8}。 
qstr_You_are_not_reading_|你 没 有 在 读 任 何 书 籍 。 
qstr_{s5}_and_{s6}|{s5}和 {s6}
qstr_Your_estates_are:_{s|你 的 封 地 在 ： {s8}。 ^{s9}
qstr_^Samurai_Penalty:__{|^Samurai Penalty: -{reg5} (from off-screen servants){s5}{***}
qstr_^Clan_Strategist:_+2|^Clan Strategist: +20{s5}{***}
qstr_^Clan_Leader:_+20{s5|^Clan Leader: +20{s5}{***}
qstr_^Walled_Fief:_+{reg5|^Walled Fief: +{reg5}{s5}{***}
qstr_^Walled_Fiefs:_+{reg|^Walled Fiefs: +{reg5}{s5}{***}
qstr_Current_prisoner_lim|当 前 的 囚 犯 限 制 为 {reg8}。 ^^狱 卒 ： {s6} {reg6} ^政 党 人 数 修 饰 符 ： {s7} {reg7} 
qstr_Current_bodyguard_li|当 前 的 保 镖 限 额 为 {reg9}。 ^^随 同 同 伴 或 特 工 ： {reg10} ^仅 特 工 ： {reg11} 
qstr_Current_party_size_l|当 前 的 部 队 上 限 为 {reg5}^ 当 前 部 队 上 限 的 修 正 为 ： ^^基 础 人 数 ： {reg4}^玩 家 统 御 ： {s2}{reg1}^玩 家 魅 力 ： {s3}{reg2}^玩 家 声 望 ： {s4}{reg3}^玩 家 封 地 ： {s6}{reg6}^玩 家 骑 兵 ： {s7}{reg7}^国 家 政 策 ： {s8}{reg8}^ 总 计 ： {reg5}
qstr_Your_relation_with_t|你 与 各 个 阵 营 的 关 系 为 ： ^{s2}
qstr_Player_renown_is_inc|玩 家 声 望 上 升 100 点 。 
qstr_Player_honor_is_incr|玩 家 荣 誉 值 增 加 一 点 现 在 是 {reg7}。 
qstr_In_{playername}_s_pa|In {playername}'s party{***}
qstr_{s3}_Inn|{s3}旅 馆  
qstr_{s3}_Prison|{s3}监 狱 
qstr_Captured__Travelling|被 抓 （ 旅 行 ） 
qstr_On_a_mission/returni|执 行 任 务 /从 任 务 返 回  
qstr_General|一 般 的 
qstr_{s1}^{s2}:_{s3}|{s1}^{s2}: {s3}
qstr_{playername}_came_fr|{playername}来 自 京 都 皇 室 的 一 个 上 位 公 卿 。 																																																																																																																																																																																						  
qstr_{playername}_came_fro|{playername}来 自 一 个 乡 村 武 士 家 庭 。 
qstr_{playername}_came_from|{playername}来 自 一 个 旅 行 商 人 家 庭 。 
qstr_{playername}_came_from_|{playername}来 自 在 武 士 部 队 中 服 役 的 常 见 足 轻 。 
qstr_{playername}_was_rai|{playername}由 一 个 居 住 在 陆 地 上 的 家 庭 在 旷 野 长 大 。 
qstr_{playername}_s_famil|{playername}的 家 人 得 到 了 {reg3?她 :他 }父 亲 的 犯 罪 活 动 的 支 持 。 
qstr_{s1}_Growing_up_{reg|{s1}长 大 了 ， {reg3?她 :他 } 
qstr_{s1}_joined_the_hous|{s1}加 入 了 一 个 大 的 武 士 家 庭 ， 成 为 武 士 的 侍 从 。 
qstr_{s1}_My_father_provi|{s1}父 亲 为 我 提 供 了 我 所 能 获 得 的 最 好 的 教 育 。  很 快 ， 我 掌 握 了 剑 术 和 兵 法 。 
qstr_{s1}_joined_the_house|{s1}加 入 了 一 个 贵 族 家 庭 的 家 庭 ， 成 为 房 主 的 侍 女 。 
qstr_{s1}_joined_the_househ|{s1}加 入 了 一 个 伟 大 的 武 士 家 庭 的 家 中 ， 成 为 了 房 主 的 侍 从 。 																								   
qstr_{s1}_learned_a_craft|{s1}学 了 一 种 手 艺 ， 并 在 一 个 大 师 的 教 导 下 成 为 徒 弟 ， 直 到 {reg3?她 :他 }能 够 以 自 己 的 方 式 谋 生 。 
qstr_{s1}_apprenticed_und|{s1}在 商 人 的 陪 练 下 ， 直 到 {reg3?她 :他 }能 够 以 自 己 的 方 式 赚 钱 。 
qstr_{s1}_lived_on_the_st|{s1}生 活 在 街 头 ， 靠 乞 讨 和 偷 窃 生 存 。 
qstr_{s1}_lived_deep_in_t|{s1}生 活 在 山 区 深 处 ， 学 习 如 何 生 存 。 
qstr_{s1}^^After_{reg3?sh|{s1} ^^ {reg3?她 :他 }成 年 后 ， {reg3?她 :他 } 
qstr_{s1}_swore_fealty_to|{s1}宣 誓 效 忠 一 名 大 名 ， 守 护 他 的 城 堡 并 进 行 战 斗 。 
qstr_{s1}_joined_the_Empe|{s1}加 入 了 京 都 天 皇 宫 廷 队 ， 帮 助 维 护 了 其 古 老 的 习 俗 和 少 有 的 威 望 。 
qstr_{s1}_wandered_across|{s1}在 全 国 各 地 徘 徊 ， 演 奏 音 乐 和 娱 乐 ， 赚 取 的 钱 足 以 维 持 另 一 天 的 生 活 。 
qstr_{s1}_joined_a_Buddhi|{s1}加 入 了 佛 教 寺 院 ， 训 练 他 的 身 体 和 精 神 ， 增 强 他 的 信 仰 和 宗 派 的 力 量 。 
qstr_{s1}_became_a_Miko_a|{s1}在 神 社 中 成 为 了 巫 女 ， 使 她 所 在 社 区 的 人 们 与 众 神 世 界 建 立 了 联 系 。 
qstr_{s1}_peddled_trinket|{s1}在 全 国 各 地 的 村 庄 贩 售 小 饰 品 和 商 品 。 
qstr_{s1}_set_up_shop_as_|{s1}在 一 个 街 道 里 开 了 一 家 铁 匠 铺 ， 为 其 他 工 匠 锻 造 和 修 理 工 具 ， 并 为 当 地 大 名 提 供 武 器 和 具 足 。 
qstr_{s1}_lived_off_the_l|{s1}像 隐 士 一 样 生 活 在 陆 地 上 ， 只 是 偶 尔 回 到 镇 上 来 出 售 游 戏 动 物 的 毛 皮 和 肉 食 。 
qstr_{s1}^^But_it_was_not|{s1} ^^但 这 并 没 有 持 续 。 
qstr_{s1}_A_great_wrong_w|{s1} {playername}犯 了 一 个 大 错 误 ， {reg3?她 :他 }不 得 不 抛 弃 {reg3?她 :他 }的 生 活 ， 直 到 {reg3?她 :他 }强 大 到 可 以 纠 正 为 止 … …  
qstr_{s1}_{playername}_lo|{s1} {playername}失 去 了 一 个 对 {reg3?她 :他 }宝 贵 的 人 。  {reg3?她 :他 }并 没 有 呆 在 {reg3?她 :他 }所 在 的 地 方 ， 而 是 让 {reg3?她 :他 }的 情 感 创 伤 恶 化 ， 而 是 重 新 开 始 了 {reg3?她 :他 }的 生 活 ... 
qstr_{s1}_A_desire_to_see|{s1}渴 望 看 到 世 界 在 {playername}内 燃 烧 ， 而 {reg3?她 :他 }不 得 不 抛 弃 {reg3?她 :他 }的 生 命 才 能 看 到 这 一 切 … … 
qstr_{s1}_Suddenly_and_wi|{s1}突 然 没 有 任 何 警 告 ， 一 切 都 从 {reg3?她 :他 }被 夺 走 了 。  朋 友 成 了 敌 人 。  一 家 人 成 了 陌 生 人 。  {reg3?她 :他 }独 自 一 人 ... 
qstr_{s1}_{playername}_kn|{s1} {playername}  知 道  {reg3?她 :他 }  注 定 是 伟 大 的 。 {reg3?她 :他 }决 定 有 一 天 不 再 等 待 ，用 {reg3?她 :他 }自 己 的 意 志 和 力 量 去 完 成 它 ……
qstr_{reg1}_{s1}_{reg2?ac|{reg1}个 {s1}{reg2?接 受 :接 受 }你 的 提 议 。 
qstr_No_one_accepts_the_o|没 人 接 受 你 的 提 议 。 
qstr_You_start_reading_{s|你 开 始 读 {s2}。 你 决 定 把 它 带 在 身 边 ， 任 何 有 空 的 时 候 就 读 几 页 。 
qstr_You_flip_through_the|你 翻 着 {s2}， 但 你 发 现 里 面 的 内 容 很 难 理 解 。 看 了 几 页 后 ， 你 感 觉 到 头 很 痛 ， 然 后 放 弃 阅 读 了 。 
qstr_Villagers|村 民 
qstr_You_have_encountered|你 遇 到 {s1}了 。 
qstr_You_have_engaged_{s1|你 与 {s1}开 战 了 ， 他 们 曾 经 袭 击 过 {s3}。 
qstr_You_were_caught_by_{|当 你 带 着 部 下 在 {s3}掠 夺 的 时 候 ， 被 {s1}撞 见 了 。 
qstr_You_were_victorious!|你 获 胜 了 ！ 
qstr_Battle_was_lost._You|你 战 败 了 。 你 的 队 伍 被 彻 底 摧 毁 了 。 
qstr_Your_companions_carr|你 的 同 伴 把 你 从 战 场 上 运 了 出 来 。 
qstr_You_have_defeated_th|你 击 败 了 敌 人 。 
qstr_You_have_retreated_f|你 撤 离 了 战 场 。 
qstr_^^Ally_Casualties:{s|^^ 友 军 伤 亡 ： {s0}
qstr_{s1}_of_{s3}_managed|{s3}的 {s1}设 法 逃 离 。 
qstr_Some_of_your_tendons|你 的 一 些 肌 腱 在 战 斗 中 受 伤 了 ， 你 失 去 1 点 力 量 。 
qstr_You_took_a_nasty_wou|你 遭 受 了 一 次 很 讨 厌 的 创 伤 导 致 你 即 使 痊 愈 了 还 是 有 些 跛 足 。 你 失 去 了 一 点 敏 捷 值 。 
qstr_You_have_trouble_thi|这 场 战 斗 结 束 以 后 ， 你 发 现 你 思 考 问 题 的 时 候 有 些 困 难 ， 也 许 是 因 为 战 斗 中 你 的 头 部 挨 了 特 别 重 的 一 击 。 而 且 现 在 你 频 繁 地 感 到 头 痛 。 你 的 智 力 下 降 1 点 。 
qstr_Perhaps_I_m_getting_|也 许 我 的 运 气 在 变 差 …… 
qstr_Retirement_is_starti|撤 退 听 起 来 变 得 越 来 越 动 听 。 
qstr_No_matter!_I_will_pe|没 关 系 ！ 我 将 继 续 坚 持 ！ 
qstr_What_did_I_do_to_des|我 该 怎 么 做 才 能 得 到 这 些 ？ 
qstr_I_suppose_it_ll_make|我 猜 这 些 至 少 可 以 构 造 出 一 个 很 好 的 故 事 …… 
qstr_{s9}_wants_you_to_fo|{s9}希 望 你 能 够 在 接 到 进 一 步 的 指 令 以 前 跟 着 他 的 部 队 前 进 。 
qstr_{s8}_of_{s9}|{s9}的 {s8}
qstr_liege|说 谎 
qstr_former_overlord|前 领 主 
qstr_affiliate|affiliate{***}
qstr_former_companion|former companion{***}
qstr_marshall|marshall{***}
qstr_vassal|家 臣 
qstr__Your_own_banner_fli|你 自 己 的 旗 帜 飘 扬 在 城 堡 大 门 上 。 
qstr__You_see_the_banner_|你 看 到 {s7}的 旗 帜 挂 在 城 堡 大 门 上 。 
qstr__You_see_the_banner_o|你 看 到 {s7}的 旗 帜 挂 在 城 镇 大 门 上 。 
qstr__Your_own_banner_flie|你 自 己 的 旗 帜 飘 扬 在 城 镇 大 门 上 。 
qstr__You_see_the_banner_of|您 会 在 城 镇 大 门 上 方 看 到 {s11} {s7}的 旗 帜 。 
qstr__You_see_the_banner_of_|您 会 在 城 门 上 方 看 到 {s7}的 旗 帜 。 
qstr_{s7}_with_your_agent|{s7} 和 你 的 同 伴 。 
qstr_{s7}_with_your_agents|{s7} 和 你 的 同 伴 。 
qstr_The_{reg6?town_s:cas|好 像 {reg6?城 镇 里 :城 堡 里 }食 品 仓 库 中 的 存 粮 能 够 支 持 {reg3}天 ({reg7}/{reg8})。 
qstr_The_{reg6?town_s:cast|{reg6?城 镇 里 :城 堡 里 }食 品 仓 库 中 已 经 没 有 存 粮 了 ， 守 城 人 员 快 要 饿 死 了 。 
qstr_You_re_preparing_to_|你 正 准 备 攻 击 围 墙 ， 需 要 {reg9}小 时 的 时 间 准 备 。 
qstr_Your_agents_are_insi|你 的 内 应 在 里 面 ，一 有 机 会 就 试 图 打 开 大 门 。  他 们 希 望 从 现 在 起  {reg9}  小 时 后 收 到 好 消 息 。
qstr_Your_commanders_are_|你 的 指 挥 官 们 正 在 互 相 商 议 ，以 计 划 即 将 到 来 的 街 巷 战 。  他 们 希 望 在  {reg9}  小 时 后 获 得 可 靠 的 报 告 。
qstr_Your_sappers_have_kn|你 的 足 轻 已 经 从 远 处 推 倒 了 第 一 道 门 ！  你 随 时 准 备 进 攻 城 堡 。
qstr_Your_agents_have_wea|你 的 足 轻 已 经 从 远 处 推 倒 了 第 一 道 门 ！  你 随 时 准 备 进 攻 城 堡 。
qstr_Your_commanders_have|你 的 指 挥 官 已 经 查 明 了 对 方 防 御 的 弱 点 ！  你 随 时 准 备 攻 击 敌 人 。
qstr_As_a_last_defensive_|你 撤 退 到 城 堡 的 大 厅 里 进 行 最 后 的 防 御 。 你 和 你 手 下 残 余 的 士 兵 将 准 备 在 这 里 接 受 一 场 恶 战 。 如 果 你 战 败 了 ， 你 就 无 路 可 退 了 。 
qstr_You_ve_been_driven_a|你 被 敌 人 从 城 墙 上 面 赶 下 去 了 ， 现 在 敌 人 大 量 涌 入 街 道 内 。 如 果 你 能 击 败 他 们 ， 你 也 许 能 扭 转 局 势 ， 反 败 为 胜 。 
qstr_You_ve_breached_the_|你 已 经 突 破 了 城 墙 ， 但 是 那 些 顽 固 的 守 卫 者 继 续 在 街 道 上 抵 抗 你 的 攻 击 ！ 你 得 消 灭 他 们 才 能 攻 击 城 镇 中 心 的 城 堡 。 
qstr_The_town_centre_is_y|这 个 城 镇 的 镇 广 场 是 你 的 了 ， 但 是 剩 下 的 守 卫 者 撤 退 到 城 堡 里 了 。 你 要 完 全 消 灭 他 们 才 能 取 得 完 全 的 胜 利 。 
qstr_The_remaining_defend|剩 下 的 守 卫 撤 退 到 城 堡 这 个 最 后 的 防 线 。 你 必 须 冲 进 去 清 除 剩 余 的 抵 抗 力 量 。 
qstr_However_since_you_ar|然 而 ， 自 从 你 放 弃 向 {s9}发 的 誓 言 。 他 是 绝 对 不 会 承 认 你 是 这 个 {reg8?城 镇 :城 堡 }的 {领 主/领 主 }。 
qstr_The_enemy_has_been_f|敌 人 被 迫 撤 退 了 。 进 攻 停 止 了 ， 但 是 围 城 还 在 继 续 。 
qstr_As_you_approach_you_|当 你 走 近 城 堡 ， 你 被 守 卫 发 现 了 ， 他 们 打 开 了 大 门 欢 迎 他 们 的 {国 王/女 王 }。 
qstr_As_you_approach_you_a|当 您 靠 近 时 ，城 堡 守 卫 发 现 了 您 ，他 们 欢 迎 您 并 为 他 们 的 主 人 打 开 大 门 。
qstr_{s2}_Mansion|{s2} 城 
qstr_{s2}_Castle|{s2} 城 堡
qstr_{s2}_Temple|{s2} 庙 
qstr_the_village_of_{s2}|{s2}的 村 庄 
qstr_the_burnt_out_ruins_|在 {s2}的 废 墟 。  您 在 残 骸 中 发 现 了 一 些 人 ， 但 他 们 却 在 您 的 视 线 中 逃 离 。 
qstr_{s2}._Its_defenders_|{s2}。  守 卫 者 看 上 去 会 胜 利 在 击 败 你 之 后 ， 但 您 可 以 逃 脱 。 
qstr_{s2}._Its_defenses_a|{s2}。  它 的 防 御 力 异 常 强 大 ， 其 防 御 者 随 时 准 备 应 对 任 何 威 胁 。 
qstr_{s2}._Your_banners_f|{s2}。  您 的 横 幅 高 高 飘 扬 ， 哨 兵 向 您 致 敬 ， 他 们 的 {主 /女 士 } 
qstr_mansion|城 
qstr_castle|城 堡 
qstr_temple|庙 
qstr_village|村 子 
qstr_{playername}_has_tak|{playername}已 占 领 {s44} 
qstr_{s8}_a|{s8} 一 个 
qstr_{s8}_an|{s8} 一 个 
qstr_{s8}_{s18}|{s8} {s18}
qstr_{s8}_a_single|{s8} 一 个 
qstr_{s8}_some|{s8} 一 些 
qstr_{s8}_{s18}.|{s8} {s18}.
qstr_{s3}^^{s4}|{s3}^^{s4}
qstr_{reg12}_mon|{reg12} 文
qstr_Your_mark_got_a_good|您 的 印 记 使 您 的 脸 孔 看 起 来 很 好 看 ， 并 广 为 传 播 。 
qstr_former_liege|former liege{***}
qstr__This_village_and_th|这 个 村 子 及 周 围 的 土 地 属 于 你 。 
qstr__You_remember_that_t|你 记 得 这 个 村 子 及 周 围 的 土 地 属 于 {s7}。 
qstr__You_remember_that_th|您 还 记 得 这 个 村 庄 和 周 围 的 土 地 属 于 {s7}。
qstr__These_lands_belong_|这 些 土 地 不 属 于 任 何 人 。 
qstr__The_village_is_infe|这 个 村 子 受 到 {reg8}个 {s35}侵 扰 。 
qstr__The_peasants_hired_|农 民 们 雇 佣 了 雇 佣 军 ， 并 且 在 反 抗 你 。 
qstr__The_village_has_bee|这 个 村 庄 受 到 了 掠 夺 ， 当 你 经 过 那 些 烧 毁 的 房 屋 时 ， 无 数 冤 魂 四 散 而 去 。 
qstr__The_village_is_bein|村 庄 已 遭 到 袭 击 。 
qstr_No_one_here_seems_to|这 里 好 像 没 有 人 想 加 入 你 的 部 队 。 
qstr_One_{s3}_volunteers_|1 个 {s3} 的 志 愿 者 跟 着 你
qstr_{reg5}_{s3}_voluntee|{reg5} {s3} 自 愿 跟 着 你
qstr_Try_as_you_might_you|不 论 你 怎 么 努 力 ， 你 都 没 有 能 打 败 这 些 强 盗 。 强 盗 们 十 分 生 气 地 烧 毁 了 村 子 来 报 复 那 些 农 民 ， 然 后 离 开 这 个 烧 焦 的 地 方 去 寻 找 别 的 地 方 进 行 掠 夺 。 
qstr_town|城 镇 
qstr_The_{s17}_has_no_imp|{s17}没 有 升 级 的 设 施 。 
qstr_The_{s17}_has_the_fo|{s17}有 如 下 升 级 的 设 施 ： {s18}。 
qstr_The_assasins_beat_yo|刺 客 把 你 放 倒 ， 然 后 让 你 躺 在 地 上 等 死 …… 
qstr_You_have_fallen._The|你 倒 下 了 。 强 盗 们 迅 速 从 你 的 身 上 搜 刮 钱 财 ， 然 后 消 失 在 夜 幕 中 。 他 们 仅 仅 是 没 有 杀 了 你 。 
qstr_Luckily_some_of_your|很 幸 运 的 是 ， 你 的 一 些 同 伴 发 现 你 没 有 回 来 就 出 来 寻 找 你 ， 并 且 发 现 你 躺 在 路 边 。 他 们 急 忙 把 你 抬 带 安 全 的 地 方 并 为 你 包 扎 伤 口 。 
qstr_Luckily_some_passing|很 幸 运 的 是 ， 一 些 路 过 的 镇 民 发 现 你 躺 在 路 边 上 ， 他 们 差 点 就 把 你 当 成 乞 丐 了 。 他 们 把 你 抬 到 最 近 的 旅 馆 里 并 为 你 包 扎 伤 口 。 
qstr_You_fail_to_steal_an|你 没 能 偷 到 一 头 牛 。 
qstr_You_drive_away_{reg1|你 从 村 子 的 牛 栏 里 赶 走 了 {reg17}{reg12?头 :头 }牛 。 
qstr_You_are_at_{s2}.|你 在 {s2}。 
qstr__This_castle_has_no_|这 座 城 堡 没 有 驻 军 。 
qstr__The_banner_of_your_|您 的 {s11} {s7}的 旗 帜 悬 于 城 镇 的 大 门 。 
qstr__This_town_has_no_ga|这 座 城 镇 没 有 驻 军 。 
qstr__You_have_successful|你 成 功 潜 入 了 。 
qstr_{s13}_A_tournament_w|{s13}一 场 比 赛 马 上 要 开 始 了 。 
qstr___{reg1}_mon_per_nig|（ 每 晚 {reg1}文 钱 ） 
qstr_Moreover_you_earn_{r|此 外 ， 你 聪 明 地 往 自 己 身 上 押 注 ， 赢 得 了 {reg8} 银 子  。 
qstr_Victory_is_yours!_Yo|你 赢 了 ！ 你 在 这 场 混 战 中 获 胜 了 ， 但 是 你 得 准 备 好 进 入 下 一 轮 比 赛 。 
qstr_You_have_been_bested|你 在 混 战 中 被 打 败 了 ， 但 是 竞 技 场 老 板 相 当 认 可 你 的 技 能 和 勇 气 ， 允 许 你 进 入 下 一 轮 比 赛 。 
qstr_You_were_beaten._The|你 被 打 败 了 ， 这 些 农 民 被 他 们 的 胜 利 所 鼓 舞 ， 但 是 你 想 教 给 他 们 的 东 西 他 们 可 能 没 有 真 正 掌 握 …… 
qstr_After_beating_your_l|在 你 击 倒 最 后 一 个 对 手 后 ， 你 向 这 些 农 民 解 释 怎 样 更 好 地 防 御 这 样 的 一 击 。 希 望 他 们 能 接 受 这 些 经 验 ， 下 次 能 提 前 做 好 准 备 。 
qstr_The_bandits_are_brok|这 些 强 盗 被 打 败 了 ！ 那 些 还 活 着 的 和 意 识 还 清 醒 的 都 夹 着 尾 巴 逃 跑 了 ， 他 们 惧 怕 这 些 农 民 和 他 们 的 新 教 官 。 
qstr_{s1}_s_Ship|{s1}的 船 
qstr_However_{reg3?You_ar|不 过 ， {reg3?你 :{s1}}不 能 找 到 任 何 能 够 给 你 带 来 利 润 的 商 品 。 
qstr_^Buying_{s4}_here_an|^ 在 这 里 购 买 {s4}然 后 卖 到 {s5}去 ， 将 会 获 得 每 件 商 品 {reg6}佛 罗 仑 的 利 润 。 {s3}
qstr_{reg3?You_find:{s1}_|{reg3?你 :{s1}}找 到 下 列 物 品 ： ^{s3}
qstr_{s2}^{reg1}_{s1}_ear|{s2}^{reg1}个 {s1}获 得 {reg0}点 经 验 。 
qstr_{s2}^{s1}_earned_an_|{s2}^{s1}获 得 了 {reg0}点 额 外 的 经 验 。 
qstr_^You_earned_{reg0}_e|^ 你 获 得 了 {reg0}点 经 验 。 {s2}
qstr_The_training_didn_t_|训 练 进 行 得 很 糟 糕 。 
qstr_The_training_didn_t_g|训 练 进 行 得 不 太 好 。 
qstr_The_training_went_qu|训 练 进 行 得 很 好 。 
qstr_The_training_went_ve|训 练 进 行 得 非 常 好 。 
qstr_The_training_went_pe|训 练 进 行 得 很 完 美 。 
qstr_{s13}_asked_you_to_r|{s13}要 你 带 着 至 少 {reg13}人 去 向 他 报 告 。 
qstr_{s13}_ordered_you_to|{s13}命 令 你 参 加 对 {s14}的 攻 击 。 
qstr_Find_and_speak_with_|找 到 并 请 求 {s4}的 {s3}让 他 接 受 你 为 他 立 下 效 忠 的 誓 言 。 
qstr_Find_and_speak_with_{|Find and speak with {s3} of {s4} to give {reg4?her:him} your oath of fealty.{***}
qstr_There_has_been_an_al|有 涉 嫌 边 境 事 件 ： {s9}
qstr_Ashina_Clan|Ashina Clan{***}
qstr_Ashina_Spearman|Ashina Spearman{***}
qstr_Ashina_Skirmisher|Ashina Skirmisher{***}
qstr_Ashina_Trained_Spear|Ashina Trained Spearman{***}
qstr_Ashina_Trained_Skirm|Ashina Trained Skirmisher{***}
qstr_Ashina_Veteran_Spear|Ashina Veteran Spearman{***}
qstr_Ashina_Veteran_Skirm|Ashina Veteran Skirmisher{***}
qstr_Ashina_Elite_Spearma|Ashina Elite Spearman*{***}
qstr_Ashina_Retainer|Ashina Retainer{***}
qstr_Ashina_Marksman|Ashina Marksman{***}
qstr_Ashina_Veteran_Retai|Ashina Veteran Retainer{***}
qstr_Ashina_Mounted_Retai|Ashina Mounted Retainer{***}
qstr_Ashina_Samurai_Gunne|Ashina Samurai Gunner{***}
qstr_Ashina_Samurai_Arche|Ashina Samurai Archer{***}
qstr_Ashina_Officer|Ashina Officer{***}
qstr_Ashina_Mounted_Offic|Ashina Mounted Officer{***}
qstr_Ashina_Master_Gunner|Ashina Master Gunner{***}
qstr_Ashina_Master_Archer|Ashina Master Archer{***}
qstr_Ashina_Hatamoto_Guar|Ashina Hatamoto Guard{***}
qstr_Ashina_Hatamoto_Cava|Ashina Hatamoto Cavalry{***}
qstr_Ashina_Messenger|Ashina Messenger{***}
qstr_Ashina_Deserter|Ashina Deserter{***}
qstr_Ashina_Prison_Guard|Ashina Prison Guard{***}
qstr_Ashina_Castle_Guard|Ashina Castle Guard{***}
qstr_Ashina_Spearmen|Ashina Spearmen{***}
qstr_Ashina_Skirmishers|Ashina Skirmishers{***}
qstr_Ashina_Trained_Spearm|Ashina Trained Spearmen{***}
qstr_Ashina_Trained_Skirmi|Ashina Trained Skirmishers{***}
qstr_Ashina_Veteran_Spearm|Ashina Veteran Spearmen{***}
qstr_Ashina_Veteran_Skirmi|Ashina Veteran Skirmishers{***}
qstr_Ashina_Elite_Spearme|Ashina Elite Spearmen{***}
qstr_Ashina_Retainers|Ashina Retainers{***}
qstr_Ashina_Marksmen|Ashina Marksmen{***}
qstr_Ashina_Veteran_Retain|Ashina Veteran Retainers{***}
qstr_Ashina_Mounted_Retain|Ashina Mounted Retainers{***}
qstr_Ashina_Samurai_Gunner|Ashina Samurai Gunners{***}
qstr_Ashina_Samurai_Archer|Ashina Samurai Archers{***}
qstr_Ashina_Officers|Ashina Officers{***}
qstr_Ashina_Mounted_Office|Ashina Mounted Officers{***}
qstr_Ashina_Master_Gunners|Ashina Master Gunners{***}
qstr_Ashina_Master_Archers|Ashina Master Archers{***}
qstr_Ashina_Hatamoto_Guard|Ashina Hatamoto Guards{***}
qstr_Ashina_Messengers|Ashina Messengers{***}
qstr_Ashina_Deserters|Ashina Deserters{***}
qstr_Ashina_Prison_Guards|Ashina Prison Guards{***}
qstr_Ashina_Castle_Guards|Ashina Castle Guards{***}
qstr_Saito_Clan|Saito Clan{***}
qstr_Saito_Spearman|Saito Spearman{***}
qstr_Saito_Skirmisher|Saito Skirmisher{***}
qstr_Saito_Trained_Spearm|Saito Trained Spearman{***}
qstr_Saito_Trained_Skirmi|Saito Trained Skirmisher{***}
qstr_Saito_Veteran_Spearm|Saito Veteran Spearman{***}
qstr_Saito_Veteran_Skirmi|Saito Veteran Skirmisher{***}
qstr_Saito_Elite_Skirmish|Saito Elite Skirmisher{***}
qstr_Saito_Retainer|Saito Retainer{***}
qstr_Saito_Marksman|Saito Marksman{***}
qstr_Saito_Veteran_Retain|Saito Veteran Retainer{***}
qstr_Saito_Mounted_Retain|Saito Mounted Retainer{***}
qstr_Saito_Samurai_Gunner|Saito Samurai Gunner{***}
qstr_Saito_Samurai_Archer|Saito Samurai Archer{***}
qstr_Saito_Officer|Saito Officer{***}
qstr_Saito_Mounted_Office|Saito Mounted Officer{***}
qstr_Saito_Master_Gunner|Saito Master Gunner{***}
qstr_Saito_Master_Archer|Saito Master Archer{***}
qstr_Saito_Hatamoto_Caval|Saito Hatamoto Cavalry{***}
qstr_Saito_Hatamoto_Gunne|Saito Hatamoto Gunner{***}
qstr_Saito_Messenger|Saito Messenger{***}
qstr_Saito_Deserter|Saito Deserter{***}
qstr_Saito_Prison_Guard|Saito Prison Guard{***}
qstr_Saito_Castle_Guard|Saito Castle Guard{***}
qstr_Saito_Spearmen|Saito Spearmen{***}
qstr_Saito_Skirmishers|Saito Skirmishers{***}
qstr_Saito_Trained_Spearme|Saito Trained Spearmen{***}
qstr_Saito_Trained_Skirmis|Saito Trained Skirmishers{***}
qstr_Saito_Veteran_Spearme|Saito Veteran Spearmen{***}
qstr_Saito_Veteran_Skirmis|Saito Veteran Skirmishers{***}
qstr_Saito_Elite_Skirmishe|Saito Elite Skirmishers{***}
qstr_Saito_Retainers|Saito Retainers{***}
qstr_Saito_Marksmen|Saito Marksmen{***}
qstr_Saito_Veteran_Retaine|Saito Veteran Retainers{***}
qstr_Saito_Mounted_Retaine|Saito Mounted Retainers{***}
qstr_Saito_Samurai_Gunners|Saito Samurai Gunners{***}
qstr_Saito_Samurai_Archers|Saito Samurai Archers{***}
qstr_Saito_Officers|Saito Officers{***}
qstr_Saito_Mounted_Officer|Saito Mounted Officers{***}
qstr_Saito_Master_Gunners|Saito Master Gunners{***}
qstr_Saito_Master_Archers|Saito Master Archers{***}
qstr_Saito_Hatamoto_Gunner|Saito Hatamoto Gunners{***}
qstr_Saito_Messengers|Saito Messengers{***}
qstr_Saito_Deserters|Saito Deserters{***}
qstr_Saito_Prison_Guards|Saito Prison Guards{***}
qstr_Saito_Castle_Guards|Saito Castle Guards{***}
qstr_Ouchi_Clan|Ouchi Clan{***}
qstr_Ouchi_Spearman|Ouchi Spearman{***}
qstr_Ouchi_Skirmisher|Ouchi Skirmisher{***}
qstr_Ouchi_Trained_Spearm|Ouchi Trained Spearman{***}
qstr_Ouchi_Trained_Skirmi|Ouchi Trained Skirmisher{***}
qstr_Ouchi_Veteran_Spearm|Ouchi Veteran Spearman{***}
qstr_Ouchi_Veteran_Skirmi|Ouchi Veteran Skirmisher{***}
qstr_Ouchi_Elite_Spearman|Ouchi Elite Spearman{***}
qstr_Ouchi_Retainer|Ouchi Retainer{***}
qstr_Ouchi_Marksman|Ouchi Marksman{***}
qstr_Ouchi_Veteran_Retain|Ouchi Veteran Retainer{***}
qstr_Ouchi_Mounted_Retain|Ouchi Mounted Retainer{***}
qstr_Ouchi_Samurai_Gunner|Ouchi Samurai Gunner{***}
qstr_Ouchi_Samurai_Archer|Ouchi Samurai Archer{***}
qstr_Ouchi_Officer|Ouchi Officer{***}
qstr_Ouchi_Mounted_Office|Ouchi Mounted Officer{***}
qstr_Ouchi_Master_Gunner|Ouchi Master Gunner{***}
qstr_Ouchi_Master_Archer|Ouchi Master Archer{***}
qstr_Ouchi_Hatamoto_Guard|Ouchi Hatamoto Guard{***}
qstr_Ouchi_Hatamoto_Caval|Ouchi Hatamoto Cavalry{***}
qstr_Ouchi_Messenger|Ouchi Messenger{***}
qstr_Ouchi_Deserter|Ouchi Deserter{***}
qstr_Ouchi_Prison_Guard|Ouchi Prison Guard{***}
qstr_Ouchi_Castle_Guard|Ouchi Castle Guard{***}
qstr_Ouchi_Spearmen|Ouchi Spearmen{***}
qstr_Ouchi_Skirmishers|Ouchi Skirmishers{***}
qstr_Ouchi_Trained_Spearme|Ouchi Trained Spearmen{***}
qstr_Ouchi_Trained_Skirmis|Ouchi Trained Skirmishers{***}
qstr_Ouchi_Veteran_Spearme|Ouchi Veteran Spearmen{***}
qstr_Ouchi_Veteran_Skirmis|Ouchi Veteran Skirmishers{***}
qstr_Ouchi_Elite_Spearmen|Ouchi Elite Spearmen{***}
qstr_Ouchi_Retainers|Ouchi Retainers{***}
qstr_Ouchi_Marksmen|Ouchi Marksmen{***}
qstr_Ouchi_Veteran_Retaine|Ouchi Veteran Retainers{***}
qstr_Ouchi_Mounted_Retaine|Ouchi Mounted Retainers{***}
qstr_Ouchi_Samurai_Gunners|Ouchi Samurai Gunners{***}
qstr_Ouchi_Samurai_Archers|Ouchi Samurai Archers{***}
qstr_Ouchi_Officers|Ouchi Officers{***}
qstr_Ouchi_Mounted_Officer|Ouchi Mounted Officers{***}
qstr_Ouchi_Master_Gunners|Ouchi Master Gunners{***}
qstr_Ouchi_Master_Archers|Ouchi Master Archers{***}
qstr_Ouchi_Hatamoto_Guards|Ouchi Hatamoto Guards{***}
qstr_Ouchi_Messengers|Ouchi Messengers{***}
qstr_Ouchi_Deserters|Ouchi Deserters{***}
qstr_Ouchi_Prison_Guards|Ouchi Prison Guards{***}
qstr_Ouchi_Castle_Guards|Ouchi Castle Guards{***}
qstr_Imagawa_Clan|Imagawa Clan{***}
qstr_Imagawa_Spearman|Imagawa Spearman{***}
qstr_Imagawa_Skirmisher|Imagawa Skirmisher{***}
qstr_Imagawa_Trained_Spea|Imagawa Trained Spearman{***}
qstr_Imagawa_Trained_Skir|Imagawa Trained Skirmisher{***}
qstr_Imagawa_Veteran_Spea|Imagawa Veteran Spearman{***}
qstr_Imagawa_Veteran_Skir|Imagawa Veteran Skirmisher{***}
qstr_Imagawa_Elite_Skirmi|Imagawa Elite Skirmisher{***}
qstr_Imagawa_Retainer|Imagawa Retainer{***}
qstr_Imagawa_Marksman|Imagawa Marksman{***}
qstr_Imagawa_Veteran_Reta|Imagawa Veteran Retainer{***}
qstr_Imagawa_Mounted_Reta|Imagawa Mounted Retainer{***}
qstr_Imagawa_Samurai_Gunn|Imagawa Samurai Gunner{***}
qstr_Imagawa_Samurai_Arch|Imagawa Samurai Archer{***}
qstr_Imagawa_Officer|Imagawa Officer{***}
qstr_Imagawa_Mounted_Offi|Imagawa Mounted Officer{***}
qstr_Imagawa_Master_Gunne|Imagawa Master Gunner{***}
qstr_Imagawa_Master_Arche|Imagawa Master Archer{***}
qstr_Imagawa_Hatamoto_Gua|Imagawa Hatamoto Guard{***}
qstr_Imagawa_Hatamoto_Gun|Imagawa Hatamoto Gunner{***}
qstr_Imagawa_Messenger|Imagawa Messenger{***}
qstr_Imagawa_Deserter|Imagawa Deserter{***}
qstr_Imagawa_Prison_Guard|Imagawa Prison Guard{***}
qstr_Imagawa_Castle_Guard|Imagawa Castle Guard{***}
qstr_Imagawa_Spearmen|Imagawa Spearmen{***}
qstr_Imagawa_Skirmishers|Imagawa Skirmishers{***}
qstr_Imagawa_Trained_Spear|Imagawa Trained Spearmen{***}
qstr_Imagawa_Trained_Skirm|Imagawa Trained Skirmishers{***}
qstr_Imagawa_Veteran_Spear|Imagawa Veteran Spearmen{***}
qstr_Imagawa_Veteran_Skirm|Imagawa Veteran Skirmishers{***}
qstr_Imagawa_Retainers|Imagawa Retainers{***}
qstr_Imagawa_Marksmen|Imagawa Marksmen{***}
qstr_Imagawa_Veteran_Retai|Imagawa Veteran Retainers{***}
qstr_Imagawa_Mounted_Retai|Imagawa Mounted Retainers{***}
qstr_Imagawa_Samurai_Gunne|Imagawa Samurai Gunners{***}
qstr_Imagawa_Samurai_Arche|Imagawa Samurai Archers{***}
qstr_Imagawa_Officers|Imagawa Officers{***}
qstr_Imagawa_Mounted_Offic|Imagawa Mounted Officers{***}
qstr_Imagawa_Master_Gunner|Imagawa Master Gunners{***}
qstr_Imagawa_Master_Archer|Imagawa Master Archers{***}
qstr_Imagawa_Hatamoto_Guar|Imagawa Hatamoto Guards{***}
qstr_Imagawa_Hatamoto_Gunn|Imagawa Hatamoto Gunners{***}
qstr_Imagawa_Messengers|Imagawa Messengers{***}
qstr_Imagawa_Deserters|Imagawa Deserters{***}
qstr_Imagawa_Prison_Guards|Imagawa Prison Guards{***}
qstr_Imagawa_Castle_Guards|Imagawa Castle Guards{***}
qstr_Great_Lord_{s9}|Great Lord {s9}{***}
qstr_^^Note_that_so_long_|^^注 意 只 要 你 还 在 做 元 帅 ， 这 个 国 家 的 领 主 们 都 会 等 着 让 你 率 领 他 们 进 行 战 役 。 所 以 ， 如 果 你 正 在 准 备 一 场 宴 会 ， 或 者 是 婚 礼 以 及 其 它 活 动 ， 你 也 许 要 去 和 你 的 领 主 谈 谈 来 辞 去 元 帅 的 职 务 。 
qstr_Try_as_you_might_you_|尽 你 所 能 ， 你 无 法 击 败 叛 乱 村 庄 。 
qstr_{reg0}|{reg0}
qstr_positive|positive{***}
qstr_negative|negative{***}
qstr_{s11}^^_The_current_|{s11} ^^目 前 的 驻 军 由 {reg5}名 士 兵 组 成 。 ^粮 食 储 备 持 续 {reg6}天 。 
qstr_^^Additional_the_fol|^目 前 ， 还 有 以 下 各 方 ： ^
qstr_{s12}_{s3}_with_{reg|s12} {s3}与 {reg1}部 队 。 ^ 
qstr_{playername}_^^I_alw|{playername}， ^^自 从 你 宣 誓 效 忠 我 的 家 族 以 来 ， 我 一 直 都 知 道 您 是 个 坏 蛋 。  ^你 真 的 以 为 你 可 以 让 我 的 家 人 反 对 我 吗 ？  你 丢 下 了 面 具 ， 蝮 蛇 ！  我 受 够 你 了 。  ^在 这 里 ， 你 永 远 没 法 进 入 我 的 领 第 。  我 已 敦 促 我 的 家 臣 反 对 你 ， 并 会 警 告 日 本 诸 侯 关 于 您 的 侮 辱 。  ^因 恐 惧 而 颤 抖 ， 你 有 一 个 致 命 的 敌 人 ！  ^^ {s9}。 
qstr_{playername}^^_I_ve_|{playername}， ^^我 收 到 了 {s9}的 来 信 ， 告 诉 我 您 可 耻 的 赌 博 游 戏 。  在 当 前 情 况 下 ， {s9}无 法 提 供 证 据 。  但 是 与 您 不 同 的 是 ， {reg1？ she： he}是 我 家 庭 的 杰 出 成 员 。  自 从 这 些 年 来 以 来 ， 我 再 也 没 有 任 何 理 由 不 信 任 {reg1？ her： him}。  我 认 为 {reg1？ her： him}收 费 是 理 所 当 然 的 。  ^希 望 您 没 有 让 我 的 氏 族 分 裂 。  在 此 ， 我 拒 绝 您 的 保 证 ： 您 不 再 与 我 的 房 子 有 关 。  每 个 成 员 都 会 以 良 心 对 您 进 行 报 复 ... ^我 将 以 自 己 的 恶 意 蒙 骗 我 为 由 而 承 认 自 己 的 愧 ， 因 此 我 不 会 向 您 提 出 挑 战 ， 也 不 会 为 您 对 我 的 {s11}的 死 亡 负 责 。  但 是 我 不 习 惯 告 诉 {reg0？ her： him}我 在 旷 野 迷 恋 的 每 只 老 鼠 ， 总 有 一 天 我 会 在 那 找 到 你 ！  ^^ {s10}
qstr_{playername}|{playername}
qstr_Troops:_{reg1}|部队: {reg1}
qstr_Prosperity_Report^|繁 荣 报 告 ^
qstr_Total|总 ： 
qstr_{s0}^{s1}_Average_To|{s0} ^ {s1}平 均 城 镇 繁 荣 度 ： {reg0} 
qstr_{s0}^{s1}_towns_with|{s0} ^ {s1}繁 荣 的 80-100个 城 镇 ： {reg0}
qstr_{s0}^{s1}_towns_with_|{s0} ^ {s1}繁 荣 的 城 镇 60-79： {reg0}
qstr_{s0}^{s1}_towns_with_p|{s0} ^ {s1}繁 荣 的 城 镇 40-59： {reg0}
qstr_{s0}^{s1}_towns_with_pr|{s0} ^ {s1}繁 荣 的 城 镇 20-39： {reg0} 
qstr_{s0}^{s1}_towns_with_pro|{s0} ^ {s1}繁 荣 的 0-19个 城 镇 ： {reg0} 
qstr_{s0}^{s1}_Average_Vi|{s0} ^ {s1}乡 村 平 均 繁 荣 度 ： {reg0}
qstr_{s0}^{s1}_villages_w|{s0} ^ {s1}个 拥 有 80-100富 裕 村 庄 ： {reg0}
qstr_{s0}^{s1}_villages_wi|{s0} ^ {s1}繁 荣 的 村 庄 60-79： {reg0} 
qstr_{s0}^{s1}_villages_wit|{s0} ^ {s1}繁 荣 的 村 庄 40-59： {reg0} 
qstr_{s0}^{s1}_villages_with|{s0} ^ {s1}繁 荣 的 村 庄 20-39： {reg0} 
qstr_{s0}^{s1}_villages_with_|{s0} ^ {s1}繁 荣 的 村 庄 0-19： {reg0}
qstr_You_have_deserted_an|您 已 经 离 开 了 ， 并 且 现 在 被 通 缉 了 ！ 
qstr_Keihoku|比 叡 山 
qstr_Bubaigawara|分 倍 河 原 
qstr_Oizumi|小 泉 
qstr_Atsugi|箱 根 
qstr_Hidden|隐 藏 村 庄 
qstr_Breaking_camp...|终 止 宿 营 …… 
qstr_{s5}_has_decided_to_|{s5}已 决 定 将 {s4}授 予 {s7}的 另 一 位 领 主 。 
qstr_A_livestock_epidemic|一 场 瘟 疫 在 {s4}中 杀 死 了 {reg4}头 牛 。 
qstr_Riot_in_{s6}!|{s6}暴 动 ！ 
qstr_Your_party_is_spotte|你 的 部 队 被 {s1}发 现 了 。 
qstr_Party_has_nothing_to|部 队 没 有 东 西 吃 了 ！ 
qstr_{reg1}_{s1}_{reg2?ha|{reg1}个 {s1}{reg2?已 :已 }趁 着 夜 色 逃 离 了 你 的 队 伍 。 
qstr_{s1}_of_{s3}_has_bee|{s3}的 {s1}已 经 从 监 狱 里 释 放 出 来 了 。 
qstr_Building_of_{s0}_in_|{s4}的 建 筑 物 {s0}已 经 完 工 了 。 
qstr_{s1}_has_won_the_tou|{s1}赢 得 了 在 {s2}的 比 赛 。 
qstr_{s1}_is_no_longer_in|{s1}不 再 受 到 夜 间 的 强 盗 侵 扰 。 
qstr_You_are_within_the_w|您 身 处 关 联 氏 族 成 员 的 领 地 之 内 ， 无 需 支 付 住 宿 费 用 。 
qstr_You_pay_for_accommod|你 支 付 了 宿 金 。 
qstr_Betrothal_to_{s5}_ex|和 {s5}的 婚 约 过 期 
qstr__Your_tactics_skill_|你 的 战 术 技 能 提 高 1 级 。 
qstr__Your_persuasion_ski|你 的 说 服 力 技 能 提 高 1 级 。 
qstr__Your_leadership_ski|你 的 统 御 技 能 提 高 1 级 。 
qstr__Your_intelligence_h|你 的 智 力 提 高 1 点 。 
qstr__Your_trade_skill_ha|你 的 交 易 技 能 提 高 1 级 。 
qstr__Your_weapon_master_|你 的 武 器 掌 握 技 能 提 高 1 级 。 
qstr__Your_engineer_skill|你 的 工 程 学 技 能 提 高 1 级 。 
qstr_You_have_finished_re|你 已 经 读 完 了 {s1}。 {s2}
qstr_Book_Read|读 书 
qstr_{s1}_is_scouted.|{s1}已 经 侦 察 过 了 。 
qstr_{s1}_has_switched_fr|{s1}由 {s2}转 到 {s3}。 
qstr_The_truce_between_{s|{s1}和 {s2}之 间 的 停 战 已 到 期 。 
qstr_The_alliance_between|{s1}和 {s2}之 间 的 联 盟 已 到 期 。 
qstr_The_defensive_pact_b|{s1}和 {s2}之 间 的 防 御 性 协 定 已 失 效 。 
qstr_The_trade_pact_betwe|{s1}与 {s2}之 间 的 贸 易 协 定 已 经 失 效 。 
qstr_{s1}_has_not_respond|{s1}未 对 {s2}的 挑 衅 作 出 回 应 。 
qstr_Your_recruiter_who_wa|您 被 委 托 向 {s13}招 募 {reg10}新 兵 的 征 兵 官 被 击 败 了 ！ 
qstr_{s13}_has_been_taken|{s13}已 被 敌 人 夺 走 ， 而 您 委 托 招 募 {reg10} 新 兵 的 征 兵 官 消 失 得 无 影 无 踪 ！ 
qstr_ERROR_IN_THE_RECRUIT|ERROR IN THE RECRUITER KIT SIMPLE TRIGGERS!{***}
qstr_A_recruiter_has_brou|一 名 征 兵 官 已 将 {reg10}名 士 兵 带 到 {s13}。  
qstr_Distance_between_{s1|{s14}与 {s15}之 间 的 距 离 ： {reg0}
qstr_Your_caravan_has_bro|您 的 商 队 已 将 {s12}带 到 {s13}。 
qstr_{s13}_is_unimpressed|{s13}对 您 微 不 足 道 的 礼 物 不 满 意 。 
qstr_The_people_of_{s13}_|{s13}的 人 们 对 您 微 不 足 道 的 礼 物 不 满 意 。 
qstr_Your_caravan_has_los|你 的 商 队 已 经 迷 路 ， 放 弃 了 你 的 任 务 ！ 
qstr_Transfer_to_{s6}|转 移 至 {s6} 
qstr_{s6}_patrol|{s6}巡 逻 
qstr_Your_messenger_reach|您 的 使 者 到 达 了 {s13}。 
qstr_{s14}|{s14}
qstr_Your_messenger_has_l|您 的 使 者 迷 路 了 ， 放 弃 了 您 的 任 务 ！ 
qstr_Not_enough_money_in_|国 库 中 没 有 足 够 的 资 金 来 升 级 部 队 。 
qstr_Your_army_inspector_|您 的 训 练 官 在 {s8}中 将 {reg5} {s6}升 级 为 {s7} 
qstr_Your_soldiers_patrolli|{s6}巡 逻 的 士 兵 因 您 无 法 支 付 工 资 而 解 散 了 ！ 
qstr_It_is_rumoured_that_|有 传 言 称 ， 一 名 忍 者 被 {s11}抓 获 。 
qstr_{s0}_is_grumbling_ag|{s0}在 抱 怨 您 。  如 果 这 种 情 况 持 续 下 去 ， 您 的 从 属 关 系 可 能 会 分 裂 。 
qstr_{s0}_is_grumbling_aga|{s0}抱 怨 您 ， 但 是 在 {s1}的 支 持 下 ， 您 现 在 仍 然 依 附 于 你 。 
qstr_Your_last_fief_was_c|您 的 最 后 一 条 封 地 被 抓 获 ， 并 且 您 损 失 了 {reg0} / {reg1}的 资 金 库 
qstr_You_are_not_strong_e|您 不 够 强 大 ， 无 法 举 起 适 合 您 晋 升 的 武 器 ！ 
qstr_You_are_not_strong_en|您 没 有 足 够 的 能 力 承 受 晋 升 所 需 要 的 全 部 要 求 ！ 
qstr_Your_arms_are_to_wea|此 时 ， 您 的 手 臂 太 弱 ， 无 法 在 火 炮 中 前 进 。 
qstr_You_require_more_hor|您 需 要 更 多 的 骑 术 才 能 适 应 下 一 个 职 位 ！ 
qstr_With_your_commander_|由 于 指 挥 官 的 失 利 ， 您 已 从 部 队 中 退 役 。 
qstr_With_your_lord_s_def|随 着 您 的 主 人 的 失 败 ， 您 的 军 队 已 经 被 瓦 解 了 ！ 
qstr_The_released_prisone|被 释 放 的 囚 犯 不 被 信 任 ， 他 们 正 准 备 袭 击 您 ！ 
qstr_Warning!|小 心 ！ 
qstr_The_released_prisoner|战 斗 一 结 束 ， 被 释 放 的 囚 犯 便 散 去 了 。  您 将 不 会 再 看 到 它 们 。 
qstr_Notice!|小 心 ！ 
qstr_The_released_prisoners|被 释 放 的 囚 犯 仍 然 忠 诚 ， 将 加 入 你 的 队 伍 。 
qstr_You_have_{reg0}_days_|您 还 所 剩 有 {reg0}天 ， 就 会 被 宣 布 为 逃 兵 ！ 
qstr_You_have_now_been_de|您 现 在 已 被 宣 布 为 逃 兵 ！ 
qstr_You_have_{reg0}_days_l|您 还 有 {reg0}天 的 时 间 可 以 返 回 指 挥 官 来 领 取 奖 励 。 
qstr_You_have_decided_not|您 已 决 定 不 返 回 您 的 主 人 。 
qstr_{reg65?my_Lady:my_Lo|{reg65?尊 敬 的 女 士 :我 的 大 人 } 
qstr_{reg65?My_Lady:My_Lo|{reg65?尊 敬 的 女 士 :我 的 大 人 } 
qstr_{reg65?madame:sir}|{reg65?夫 人 :先 生 } 
qstr_{reg65?Madame:Sir}|{reg65?夫 人 :先 生 } 
qstr__no_fiefs_|（ 没 有 封 地 ） 
qstr__fiefs:_{s0}_|（ 封 地 ： {s0}） 
qstr_It_s_your_money_or_y|要 钱 还 是 要 命 ， {小 伙 子/小 姑 娘 }。 不 快 跑 的 话 ， 我 将 折 磨 死 你 。 
qstr_Lucky_for_you_you_ca|你 很 走 运 ， 刚 好 碰 到 我 今 天 心 情 特 别 好 。 交 出 你 所 有 的 钱 ， 我 就 让 你 活 着 离 开 。 
qstr_This_a_robbery_eh?_I|这 是 一 次 抢 劫 ， 明 白 不 ？ 我 给 你 一 个 机 会 交 出 你 所 有 的 东 西 ， 否 则 我 和 我 的 兄 弟 们 将 杀 了 你 ， 明 白 不 ？ 
qstr_we_have_made_very_li|到 目 前 为 止 ， 我 们 基 本 没 有 什 么 进 展 
qstr_we_have_suceeded_in_|我 们 成 功 占 领 了 一 些 土 地 ， 但 是 我 们 还 有 很 长 的 一 段 路 要 走 
qstr_we_have_become_a_sig|我 们 现 在 成 了 显 赫 一 方 的 势 力 了 ， 我 们 很 有 机 会 能 赢 得 最 终 的 胜 利 。 
qstr_we_are_winning_the_w|我 们 赢 得 了 这 场 战 争 ， 但 是 我 们 的 敌 人 还 在 顽 强 抵 抗 
qstr_we_are_on_the_verge_|我 们 已 经 接 近 最 终 的 胜 利 了 。 残 余 的 敌 人 完 全 够 不 成 威 胁 ， 但 是 我 们 仍 然 需 要 将 他 们 赶 尽 杀 绝 。 
qstr_tono|tono{***}
qstr_Your_domain_has_no_s|您 的 领 土 没 有 指 定 的 文 化 
qstr_Your_domain_culture_|您 的 领 地 文 化 是 ： {s11}
qstr_Kingdom_culture:_Non|领 第 文 化 ： 无 
qstr_Kingdom_culture:_{s1|领 第 文 化 ： {s11}
qstr_{s11}|{s11}
qstr_The_goverment_of_the|{s10}的 政 府 为 {s4}。 
qstr_The_upper_class_soci|上 层 社 会 是 {s5}。 
qstr_The_people_are_{s6}.|军 队 人 员 组 成 是 {s6}。 
qstr_The_troops_have_{s7}|部 队 是 {s7}。 
qstr_The_government_s_app|政 府 的 经 济 政 策 是 {s0}。 
qstr_Our_goverment_is_{s4|我 们 的 政 府 是 {s4}。 
qstr_Our_people_are_{s6}.|我 们 的 军 队 组 成 是 {s6}。 
qstr_Our_troops_have_{s7}|我 们 的 部 队 是 {s7}。 
qstr_Our_approach_to_trad|我 们 的 经 济 政 策 是 {s0}。 
qstr_According__to_the_re|根 据 我 们 忍 者 的 报 告 
qstr_{s10}_{reg3}_lords_s|{s10}{reg3}主 支 持 {s9}。 
qstr_Sorry_currently_I_ca|抱 歉 ， 我 目 前 无 法 提 供 有 关 领 主 情 绪 的 任 何 信 息 ， 我 们 的 忍 者 尚 未 报 告 。 
qstr_{s11}_and_{s12}|{s11}和 {s12}
qstr_We_are_not_at_war_wi|我 们 没 有 与 任 何 人 交 战 。 
qstr_We_are_at_war_with_{|我 们 正 在 与 {s12}交 战 。 
qstr_Our_domain_currently|我 们 的 王 国 目 前 有 {reg2}名 士 兵 
qstr_{s6}_garrisoned_in_{|{s6}驻 守 在 {reg2}个 城 镇 
qstr_{s6}_and_{reg2}_cast|{s6}和 {reg2}城 堡 。 
qstr_{s6}_In_addition_we_|{s6}此 外 ， 我 们 在 野 外 还 有 {reg2}名 士 兵 。 
qstr_We_currently_have_{r|我 们 目 前 有 {reg2}名 士 兵 
qstr_{s6}_In_addition_you|{s6}另 外 ， 您 的 家 臣 中 有 {reg2}名 士 兵 ， 而 巡 逻 中 还 有 {reg3}名 士 兵 。 
qstr_He_fields_{reg2}_sol|他 派 遣 了 {reg2}名 士 兵 。 
qstr_We_currently_have_{re|目 前 ， 我 们 有 {reg2}名 士 兵 在 {s60}驻 军 。 
qstr_You_are_preferring_m|您 更 喜 欢 近 战 部 队 。 
qstr_You_are_preferring_r|您 更 喜 欢 远 程 部 队 。 
qstr__and_the_additional_|以 及 其 他 训 练 师 
qstr_We_currently_have_an|我 们 目 前 的 收 入 为 {reg0}文 钱 ， 费 用 为 {reg1}文 钱 ， 来 自 城 邑 和 城 堡 。 
qstr_{s6}_We_are_losing_{|{s6}由 于 税 收 低 效 ， 我 们 损 失 了 {reg0}文 钱 。  这 意 味 着 百 分 之 {reg1}。 
qstr_{s6}_Overall_this_su|{s6}总 计 {reg0}文 钱 。 
qstr_{reg0}_mon|{reg0} 文 
qstr_no|no
qstr_{s60}_is_currently_o|{s60}当 前 已 被 不 法 分 子 占 领 ， 您 应 尽 快 与 之 抗 衡 。 
qstr__We_are_expecting_{r|我 们 期 望 {reg0}文 钱 的 租 金 
qstr__The_troop_wages_for|使 我 们 每 月 花 费 {reg1}来 维 持 {reg0}部 队 的 部 队 工 资 。 
qstr_{s61}_and_{reg0}_mon|{s61}和 {reg0}文 钱 的 关 税  
qstr_Well_{s60}.|好 吧 ， {s60}。 
qstr_{s4}_{s3}._The_tax_r|{s4}{s3}。 税 率 为 {s50}。 {s59}{s61}。  总 体 而 言 ， 这 总 计 为 {s62}文 钱 。  
qstr_Tax_rate_for_{s6}:_{|{s6}的 税 率 ： {s11} 
qstr_The_{s17}_has_the_fol|{s17}具 有 以 下 改 进 ： {s18}。 
qstr_You_have_shown_great|您 在 战 场 上 表 现 出 了 强 大 的 实 力 。  但 是 ， 为 什 么 我 要 让 您 加 入 我 们 的 行 列 ？ 
qstr_All_of_life_is_about|一 生 都 是 关 于 利 与 弊 。  我 们 为 什 么 要 允 许 您 成 为 我 们 的 同 伴 ？ 
qstr_I_know_people_do_fea|我 知 道 ， 人 们 确 实 害 怕 您 的 苛 刻 。  我 们 应 该 吗 ？ 
qstr_Indeed_I_have_heard_|的 确 ， 我 听 说 过 您 的 忠 诚 和 英 勇 。  但 是 加 入 我 们 就 足 够 了 吗 ？ 
qstr_I_m_glad_you_want_to|很 高 兴 您 想 支 持 我 们 。  但 是 ， 加 入 我 们 的 家 族 对 您 来 说 是 否 明 智 ？ 
qstr_Beside_your_wealth_h|除 了 您 的 财 富 ， 您 怎 么 可 能 为 我 和 我 的 家 人 服 务 ？ 
qstr_My_friend_I_see_your|我 的 朋 友 ， 我 明 白 了 你 的 理 由 。  但 是 ， 您 真 的 有 可 能 通 过 建 立 正 式 的 联 盟 关 系 而 使 我 们 的 友 谊 变 得 紧 张 吗 ？ 
qstr_Agreed!_Your_words_c|同 意 ！  您 的 话 语 能 给 我 最 大 的 帮 助 。 
qstr_I_trust_you_my_famil|我 相 信 你 ， 我 的 家 人 可 以 利 用 你 的 才 智 。  我 们 将 共 同 努 力 ， 将 影 响 力 扩 展 到 整 个 日 本 。 
qstr_May_God_have_mercy_o|愿 上 帝 怜 悯 我 们 敌 人 的 灵 魂 ， 因 为 我 们 不 需 要 怜 悯 ！ 
qstr_So_be_it._We_are_hon|随 它 吧 。  我 们 很 荣 幸 接 受 您 加 入 我 们 的 家 族 。 
qstr__I_will_appreciate_y|我 会 谦 卑 的 像 后 辈 一 样 感 谢 您 。 
qstr_I_accept_your_reques|我 接 受 你 的 要 求 。  如 果 您 支 持 我 的 家 族 ， 我 们 将 为 您 提 供 支 持 。 
qstr_Since_you_have_turne|由 于 您 原 来 是 个 值 得 的 人 ， 所 以 您 应 该 对 我 们 整 个 家 族 都 值 得 。 
qstr_Your_leader_is_not_e|您 的 领 导 者 甚 至 都 不 是 大 名 ， 我 会 加 入 您 的 行 列 吗 ？ 
qstr_{s40}_I_would_never_|{s40}我 永 远 也 不 会 加 入 没 有 城 镇 或 城 堡 的 人 。 
qstr_{s40}_I_know_too_lit|{s40}我 对 您 的 领 导 者 了 解 得 很 少 。 
qstr_{s40}_I_found_your_m|{s40}我 发 现 您 的 使 者 令 人 信 服 。 
qstr_{s40}_Next_time_I_wo|{s40}下 次 ， 我 想 和 一 个 不 像 傻 瓜 的 人 说 话 。 
qstr_{s40}_Next_time_I_wou|{s40}下 次 ， 我 想 和 彬 彬 有 礼 的 人 谈 谈 。 
qstr_{s40}_I_rather_stay_|{s40}我 宁 愿 留 在 我 现 在 的 主 公 身 边 。 
qstr_{s31}_{s32}_{s34}|{s31} {s32} {s34}
qstr_{playername}_when_we|{playername}， 当 我 们 开 始 力 图 实 现 我 们 远 大 目 标 的 时 候 ， 很 少 有 人 有 胆 量 支 持 我 们 ， 还 是 有 极 少 数 的 人 愿 意 冒 性 命 危 险 支 持 我 们 。 但 是 对 于 投 身 到 对 抗 我 们 敌 人 的 事 情 ， 你 一 刻 也 没 有 犹 豫 。 我 们 风 雨 同 舟 走 过 了 相 当 长 的 一 段 路 ， 其 间 有 几 次 我 都 要 绝 望 了 。 但 是 受 到 上 帝 保 佑 ， 我 们 都 挺 过 来 了 。 现 在 我 得 离 开 你 然 后 去 获 取 我 应 得 的 权 利 。 从 现 在 开 始 ， 我 将 担 负 起 统 治 {s3}的 重 任 。 我 们 前 面 还 有 许 多 挑 战 等 着 我 们 ， 我 还 指 望 你 能 帮 助 我 去 克 服 。 当 然 ， 你 始 终 都 是 我 最 重 要 的 封 臣 。 
qstr_Find_and_speak_with_{s|找 到 {s4}中 的 {s3}并 与 之 交 谈 ， 向 他 宣 誓 效 忠 。 
qstr__We_will_of_course_n|我 们 当 然 得 等 到 国 家 不 再 进 行 战 役 了 。 
qstr__{s1}_has_been_accep|{s1}被 接 受 为 {s2}的 家 臣 。 
qstr_I_am_{s4}_the_ruler_|我 是 {s4}， {s6}的 统 治 者 。 
qstr_I_am_{s4}_{s8}_of_{s|我 是 {s4},  {s9}的 {s8} 。
qstr_I_am_{s4}_a_vassal_o|我 是 {s4}， {s6}的 一 个 封 臣 。 
qstr_{s9}{reg5?_and_the_l|{s9}{reg5?而 且 是 {s8}的 领 主 。:。} 
qstr_{s13}_asked_you_to_g|{s13}要 你 收 集 {reg3}头 牛 ， 并 给 他 送 去 。 
qstr_{s9}_wants_you_to_fol|{s9}希 望 您 跟 随 他 的 军 队 ， 直 到 另 行 通 知 。 
qstr_{s9}_asked_you_to_sc|{s9}要 你 侦 察 {s13}， {s14}和 {s15}， 然 后 回 去 向 他 汇 报 。 
qstr_pupil|pupil{***}
qstr_you|你 
qstr_You_are_challenging_|你 准 备 向 我 发 起 决 斗 ？ 开 什 么 玩 笑 ！ 如 你 所 愿 ， {playername}， 打 暴 你 的 头 将 会 是 非 常 有 意 思 的 事 情 。 
qstr_{s16}_and_{s17}|{s16}和 {s17}
qstr_Very_well_I_will_acc|很 好 ， 如 果 你 再 次 庄 严 地 向 我 宣 誓 ， 我 可 以 接 受 你 回 到 我 这 边 来 。 
qstr_A_pardon_will_only_b|我 不 会 宽 恕 你 的 ， 除 非 你 把 {s17}割 让 给 我 。 你 同 意 我 开 出 的 条 件 吗 ？ 
qstr_No._There_is_no_chan|不 ， 我 们 之 间 没 有 机 会 保 持 和 平 ， 我 对 这 个 不 感 兴 趣 。 
qstr_{s1}_exchanged_{s2}_|{s1}将 {s2}与 {s3}交 换 为 {s4}。 
qstr_Our_strategist_{s1}|我 们 的 总 大 将 {s1}
qstr_Our_leader_{s1}|我 们 的 家 督 {s1}
qstr_go_on_the_offensive_|马 上 去 进 攻 。 
qstr_act_to_defend_our_la|进 行 领 土 保 卫 。 
qstr_take_more_time_to_ga|多 花 点 时 间 来 集 结 军 队 。 
qstr_You_promised_to_help|你 答 应 帮 助 {s13}取 得 {s14}的 王 位 。 
qstr_What_do_you_say_to_t|您 说 要 暂 时 做 {s9}的 工 作 是 什 么 意 思 ？  我 毫 不 怀 疑 您 会 胜 任 这 项 工 作 。 
qstr_{s9}_asked_you_to_ta|{s9}要 你 带 一 个 口 信 给 {s13}。 在 你 接 受 这 个 任 务 的 时 候 ， {s13}确 信 在 {s4}。 
qstr_{s9}_asked_you_to_tak|{s9}要 你 带 一 个 从 {s15}那 里 得 到 口 信 给 {s13}。 在 你 接 受 这 个 任 务 的 时 候 ， {s13}确 信 在 {s4}。 
qstr_{s11}_asked_you_to_e|{s11}要 你 护 送 他 的 {s17}{s13}到 {s14}。 
qstr_{s13}_asked_you_to_d|{s13}要 你 对 付 那 些 侵 占 了 {s15}村 避 难 所 的 强 盗 ， 并 返 回 向 他 报 告 情 况 。 
qstr_{s9}_asked_you_to_ra|{s9}要 求 帮 他 培 养 {reg1}名 {s14}， 并 给 他 送 去 。 
qstr_{s9}_asked_you_to_co|{s9}要 你 去 {s3}征 税 。 他 答 应 你 征 收 的 税 款 中 的 20% 归 你 所 得 。 
qstr_{s9}_asked_you_to_hu|{s9}要 你 抓 捕 名 叫 {s4}的 通 缉 犯 。 他 现 在 确 信 在 {s3}。 
qstr_{s9}_asked_you_to_as|{s9}要 你 杀 死 一 个 {s3}的 地 方 商 人 。 
qstr_{s9}_has_asked_you_t|{s9}要 你 到 {s13}见 一 个 间 谍 。 
qstr_{s11}_asked_you_to_f|{s11}要 你 跟 踪 将 要 离 开 {s12}的 间 谍 。 你 必 须 小 心 ， 别 让 他 在 半 路 发 现 你 ， 否 则 他 可 能 会 起 疑 心 并 折 返 回 去 。 一 旦 他 与 他 的 同 伙 碰 头 ， 你 得 伏 击 他 们 并 把 他 们 两 人 带 回 去 交 给 {s11}。 
qstr_{s11}_asked_you_to_c|{s11}要 你 抓 捕 {s13}的 一 个 领 主 ， 随 便 一 个 。 然 后 带 到 {s11}严 密 监 禁 起 来 。 
qstr_{s9}_asked_you_to_le|{s9}要 你 把 你 的 同 伴 {s3}借 给 他 用 一 个 星 期 。 
qstr_{s9}_asked_you_to_col|{s9}要 你 帮 他 去 讨 要 {s3}欠 他 的 {reg4}佛 罗 仑 。 当 你 接 受 这 个 任 务 的 时 候 {s3}正 在 {s4}。 
qstr_{s11}_gave_you_a_fak|{s11}给 你 一 封 伪 造 的 信 ， 要 你 送 给 {s13}， 以 欺 骗 他 让 他 流 放 他 的 封 臣 {s16}。 你 得 到 {s14}附 近 ， 并 把 信 交 给 你 的 一 个 {s15}， 然 后 把 他 作 为 一 个 信 使 送 到 城 镇 里 去 。 相 信 他 的 命 令 会 变 成 真 的 。 
qstr_{s9}_has_requested_y|{s9}要 你 帮 他 抓 捕 {reg1}个 {s3}俘 虏 。 
qstr_a_samurai|一 名 武 士 
qstr_an_ashigaru|一 名 足 轻 
qstr_Lend_your_experience|把 你 的 老 练 的 外 科 医 生 {s3}借 给 {s1}。 
qstr_Then_take_it_with_my|收 下 这 些 ， 这 些 代 表 我 永 恒 的 谢 意 。 你 是 一 个 高 尚 的 {人/人 }。 我 永 远 都 不 会 忘 记 你 在 我 最 需 要 的 时 候 帮 助 了 我 。 
qstr_Forgive_me_{playerna|原 谅 我 ， {playername}， 但 是 我 坚 持 让 你 接 受 。 这 些 钱 对 我 来 说 算 不 了 什 么 ， 我 欠 你 的 太 多 了 。 给 你 ， 拿 去 吧 ， 我 们 不 要 再 谈 这 个 了 。 
qstr_{playername}_what_a_|{playername}， 你 是 一 个 多 么 可 爱 的 {人/人 }， 但 是 我 不 允 许 你 拒 绝 这 个 ， 我 欠 你 的 比 我 说 的 还 多 ， 我 相 信 你 将 把 这 些 钱 比 我 用 在 更 好 的 方 面 。 
qstr_{s11}_asked_you_to_r|{s11}要 你 从 {s14}营 救 她 的 {s17}， {s13}。 你 得 跟 他 交 换 衣 服 并 代 替 他 呆 在 监 狱 里 。 
qstr_{s11}_asked_you_to_re|{s11}要 你 从 {s14}救 出 她 的 {s17}， {s13}。 
qstr_{s11}_asked_you_to_d|{s11}要 你 送 信 给 被 囚 禁 在 {s14}的 {s13}。 
qstr_You_agreed_to_challe|你 同 意 与 {s13}决 斗 以 维 护 {s11}的 名 誉 。 
qstr_{s5}__Persuasion_str|{s5}（ 说 服 力 ： {reg5}） 
qstr_Persuasion_Attempt|尝 试 说 服 
qstr_{s12}_and_{s11}|{s12} and {s11}{***}
qstr_You_can_find_book_me|您 可 以 在 {s11}找 到 书 商 。 
qstr_{s12}_{s11}|{s12}, {s11}
qstr_You_can_find_ransom_|您 可 以 在 {s11}找 到 奴 隶 贩 子 。 
qstr_A_villager_from_{s7}|一 个 从 {s7}来 的 村 民 恳 求 你 ， 希 望 你 能 把 他 们 的 村 子 从 那 群 强 盗 手 里 解 救 出 来 。 
qstr_Do_you_have_a_need_f|Do you have a need for more agents, {sir/madam}? {reg3?{reg4} of my comrades are:One of my comrades is} looking for a master. {reg3?They'll:He'll} join you for {reg5} mon.{***}
qstr_Do_you_have_a_need_fo|Do you have a need for mercenaries, {sir/madam}? {reg3?Me and {reg4?{reg3} of my comrades:one of my comrades} are:I am} looking for a master. We'll join you for {reg5} mon.{***}
qstr_You_chose_well_{s0}.|您 选 择 的 不 错 ， {s0}。  我 的 {reg65？ companions： lads}知 道 如 何 守 口 如 瓶 并 赚 取 薪 水 。 
qstr_Well_done_{s0}._Keep|做 得 好 ， {s0}。  享 受 金 钱 和 清 酒 的 到 来 ， 在 日 本 呀 ， 不 需 要 惧 怕 任 何 人 。 
qstr_We_are_at_your_servi|我 们 听 命 于 你 ， {先 生/夫 人 }。 你 所 要 做 的 ， 仅 仅 是 为 我 们 指 明 攻 击 对 象 。 
qstr_The_chief_merchant_o|{s13}的 总 奉 行 已 要 求 您 与 周 围 乡 村 的 不 法 之 徒 打 交 道 。 
qstr_{s9}_of_{s3}_asked_y|{s3}的 {s9}请 你 在 7 天 内 带 {reg5}单 位 的 {s6}到 {s4}的 酒 馆 。 
qstr_Escort_the_merchant_|护 送 商 人 的 商 队 去 {s8}镇 。 
qstr_Merchant_{s9}_of_{s4|{s4}的 {s9}要 你 消 灭 在 镇 子 附 近 的 难 对 付 的 强 盗 。 
qstr_The_chief_merchant_of|{s4}的 总 奉 行 给 您 {reg12}文 钱 ， 以 支 付 被 强 盗 绑 架 的 的 女 儿 的 赎 金 。  您 将 在 {s3}附 近 遇 见 土 匪 ， 并 向 他 们 支 付 赎 金 。  之 后 ， 您 将 把 女 孩 带 回 {s4}。 
qstr_The_chief_merchant_of_|{s4}的 总 奉 行 向 您 承 诺 {reg12} 文 钱 ， 如 果 您 可 以 确 保 {s12}和 {s13}不 再 对 {s15}和 {s14}之 间 的 和 平 解 决 构 成 威 胁 。  为 此 ， 您 必 须 说 服 他 们 ， 或 确 保 他 们 被 俘 虏 并 保 持 这 种 状 态 ， 直 到 达 成 和 平 协 议 为 止 。 
qstr_The_elder_merchant_o|{s14}的 年 长 商 人 已 要 求 您 与 一 群 威 胁 {s14}街 道 的 土 匪 打 交 道 。  他 们 只 在 晚 上 出 来 ， 只 在 街 上 袭 击 一 个 人 走 的 的 百 姓 。 
qstr_The_elder_merchant_of|{s10}的 老 商 人 要 求 您 将 牛 群 带 到 {s13}。  您 将 获 得 {reg8}文 钱 的 回 报 。 
qstr_He_is_not_commanding|他 现 在 什 么 人 也 没 有 指 挥 。 
qstr_He_currently_command|他 现 在 指 挥 了 {reg0}人 。 {reg1?其 中 {reg1}人 负 伤 。:} 
qstr_The_elder_of_the_vil|{s3}村 的 村 长 要 你 搞 到 {reg5}袋 小 麦 给 他 。 
qstr_The_elder_of_the_vill|{s13}村 的 村 长 要 你 训 练 {reg5}个 农 民 以 抵 抗 当 地 的 强 盗 。 
qstr_The_elder_of_the_villa|{s3}村 的 村 长 要 你 搞 到 {reg5}头 牛 给 他 。 
qstr_{s16}_and_{s15}|{s16}和 {s15}
qstr_I_can_smell_a_fat_pu|我 在 一 英 里 外 就 嗅 到 了 一 个 鼓 鼓 的 钱 包 。 我 想 你 想 让 它 变 轻 些 ， 不 是 吗 ？ 
qstr_Why_it_be_another_tr|啊 ！ 这 又 是 一 个 旅 行 者 ， 让 我 给 撞 上 了 。 我 应 该 警 告 你 ， 这 里 的 郊 外 对 于 像 你 这 样 的 一 个 好 {人/人 } 是 有 点 危 险 的 。 但 是 你 要 是 给 我 们 一 点 钱 ， 我 和 我 的 兄 弟 们 就 可 以 保 证 你 安 全 到 达 你 的 目 的 地 ， 怎 么 样 ？ 
qstr_Well_well_look_at_th|来 来 来 ， 看 看 这 个 ！ 你 最 好 乖 乖 交 出 一 些 银 币 ， 不 然 我 和 我 的 同 伴 就 将 好 好 招 待 你 。 
qstr_There_s_a_toll_for_p|交 出 买 路 钱 ， 不 然 我 就 从 你 的 钱 包 里 收 取 我 应 得 的 那 份 …… 
qstr_Another_fool_come_to|又 一 个 傻 瓜 过 来 把 {他 的/她 的 } 身 体 往 我 剑 上 撞 ， 是 吗 ？ 那 好 ， 放 马 过 来 ！ 
qstr_We_re_not_afraid_of_|我 们 不 怕 你 ， {小 子/小 妞 }。 是 时 候 打 暴 某 些 人 的 头 了 ！ 
qstr_That_was_a_mistake._|那 是 一 个 错 误 。 现 在 我 将 慢 慢 把 你 折 磨 到 死 。 
qstr_Brave_words._Let_s_s|豪 言 壮 语 ， 让 我 看 看 你 怎 么 用 行 动 来 支 持 它 ， 坏 蛋 ！ 
qstr_your_lordship|your lordship{***}
qstr_A_{s5}?_Well..._Yes_|{s5}？ 呃 …… 是 的 ， 我 想 是 这 样 。 问 了 一 个 多 么 奇 怪 的 问 题 啊 。 
qstr_Eh?_No_it_most_certa|是 吗 ？ 基 本 可 以 肯 定 那 不 是 一 个 {s5}。 如 果 我 是 你 的 话 ， 我 就 开 始 怀 疑 自 己 的 视 力 是 否 有 问 题 。 
qstr_This_is_the_{reg4?to|这 里 是 {s5}{reg4?镇 :村 }， {先 生/夫 人 }。 
qstr_{s6}_Our_{reg4?town:|{s6}我 们 {reg4?镇 :村 }及 周 围 的 土 地 属 于 你 ， 我 的 {大 人/夫 人 }。 
qstr_{s6}_Our_{reg4?town:v|{s6}我 们 {reg4?镇 :村 }及 周 围 的 土 地 属 于 {s8}的 {s7}。 
qstr_{s3}_and_{s5}|{s3}和 {s5}
qstr_{reg20?We_mostly_pro|{reg20?我 们 这 里 主 要 是 出 产 {s5}:这 些 天 我 们 这 里 几 乎 什 么 都 没 有 出 产 }。 如 果 你 想 了 解 更 多 的 情 况 ， 你 可 以 去 问 我 们 的 {reg4?镇 长 :村 长 }。 他 就 在 附 近 ， 看 ， 就 在 那 边 。 
qstr_Would_you_like_to_kn|您 是 否 想 知 道 {s2}的 情 况 如 何 ？ 
qstr_I_wish_to_ask_about_|我 想 问 一 下 {s2}。 
qstr_{reg2}_days|{reg2}天 
qstr_another_day|另 一 天 
qstr_I_am_sad_to_see_you_|看 到 你 离 开 我 很 难 过 。  我 借 给 您 的 铠 甲 -请 妥 善 保 管 并 安 全 存 放 在 那 里 。 
qstr_You_are_relieved_of_|您 可 以 放 心 了 。 
qstr_For_your_time_in_my_|对 于 你 为 我 们 你 的 工 作 ， 我 为 您 祈 福 {s13}。 
qstr_For_your_time_in_my_s|对 于 你 为 我 的 服 务 ， 我 授 予 您 {s13}。 
qstr_You_weren_t_with_me_|你 不 在 我 身 边 很 久 了 ， 对 吗 ？ 
